HYBAS_ID,area_total_ha,D5_mineria_ha,D5_proporcion
6090078040,34542.299729976345,0.0,0.0
6090078010,47275.51356936,7.790013745117186,1.6477904007722964E-4
6090081280,44090.85594480254,0.0,0.0
6090081290,36267.53261167554,0.0,0.0
6090084300,9481.927683116795,0.0,0.0
6090084310,29652.596244566917,0.0,0.0
6090084000,487.93595874431145,0.0,0.0
6090084140,32085.92597695215,0.0,0.0
6090083710,26802.957590769554,0.0,0.0
6090083810,14871.043650802378,0.0,0.0
6090086020,8121.003273740284,0.0,0.0
6090085920,63767.72154067924,0.0,0.0
6090087020,963.9952217902487,0.0,0.0
6090087030,424.9523230285362,0.0,0.0
6090087210,66044.3063954479,0.0,0.0
6090087250,124.278517021951,0.0,0.0
6090087240,20935.970822398616,0.0,0.0
6090087310,50143.06907563306,0.0,0.0
6090086730,23175.177798687655,0.0,0.0
6090086720,4339.19430599167,0.0,0.0
6090087090,36742.1337922932,0.0,0.0
6090087140,12185.798489443927,0.0,0.0
6090089070,8998.559167784106,0.0,0.0
6090089030,15354.956086595965,0.0,0.0
6090087200,12163.40936489961,0.0,0.0
6090087230,2592.003163708258,0.0,0.0
6090090190,3907.243075570897,0.0,0.0
6090090250,62101.23492331343,0.0,0.0
6090090330,47709.93794974713,0.0,0.0
6090090400,76337.3345287997,0.0,0.0
6090087590,94742.60391558534,0.0,0.0
6090087630,34015.86005522212,0.0,0.0
6090090070,15086.726000588433,0.0,0.0
6090090180,32516.546515930004,0.0,0.0
6090088090,17915.193731246218,2.3952193298339837,1.3369765160040875E-4
6090088100,4374.822478542742,0.0,0.0
6090091120,57231.04286283208,0.0,0.0
6090091080,4433.339449983092,0.0,0.0
6090088150,2844.687729051573,0.0,0.0
6090088240,18336.021224641736,0.0,0.0
6090088110,740.661099306595,0.0,0.0
6090088160,21521.448636370595,0.35478486328125003,1.6485175755393826E-5
6090091830,2418.577280489123,0.0,0.0
6090091910,100044.4937146511,0.0,0.0
6090091460,7090.70582021485,0.0,0.0
6090091540,33547.99928755753,3.7275347839355457,1.1111049430950817E-4
6090091860,34734.37425922885,0.0,0.0
6090091820,25747.502640105482,0.0,0.0
6090091010,11166.036774119399,0.0,0.0
6090090970,45123.44060354556,1.1532519958496095,2.5557714137582697E-5
6090089340,15481.70090405106,0.0,0.0
6090089420,36663.3406883415,0.0,0.0
6090094710,17141.910965233834,0.0,0.0
6090094660,40487.1715109097,0.0,0.0
6090091200,72504.65410617279,0.0,0.0
6090091210,28194.373723198514,5.768582855224611,2.046004962500083E-4
6090096470,116.55951837420243,0.0,0.0
6090096440,38696.751693967664,0.0,0.0
6090096570,15422.446618558997,0.0,0.0
6090096580,18991.40421356438,0.0,0.0
6090092360,7758.6564073339905,0.0,0.0
6090092270,60739.77985717778,4.259358294677732,7.012469101292588E-5
6090093290,23484.084827434246,0.0,0.0
6090093300,36142.23873282102,0.0,0.0
6090097240,5417.51697530467,0.0,0.0
6090097270,10184.79165413677,0.0,0.0
6090097540,39684.45444735778,0.0,0.0
6090097490,37512.100134386565,0.7994062438964842,2.1310623533009955E-5
6090094200,25109.967347946396,1.9537049438476561,7.780595318087655E-5
6090094190,42811.35892453643,0.0,0.0
6090098040,9419.480914556714,0.0,0.0
6090098020,51535.3520512884,0.7106705810546875,1.3789962671593324E-5
6090099040,20739.08414116736,0.7996740417480468,3.855879248595569E-5
6090099070,6829.85046776399,0.0,0.0
6090099360,40420.96312507553,0.0,0.0
6090099410,78535.5416362006,0.0,0.0
6090100580,5856.4761070680615,0.0,0.0
6090100470,40690.93949538687,0.0,0.0
6090097200,40854.866680766994,0.3552977844238281,8.696584110775952E-6
6090097140,24444.024035010036,0.0,0.0
6090101970,29495.435805719,0.0,0.0
6090101880,11000.67086068289,0.0,0.0
6090101810,43237.46443277505,0.0,0.0
6090101820,149.38569977014157,0.0,0.0
6090101980,15474.188314265919,0.0,0.0
6090101900,63237.5279428242,0.888857666015625,1.405585725645822E-5
6090097280,32907.718538972695,0.0,0.0
6090097170,27486.35888792534,0.0,0.0
6090097150,14635.941213153672,0.17762359008789064,1.2136123499065169E-5
6090103010,17138.516700378266,392.7166319286395,0.022914271917124068
6090102970,53796.30542736826,93.97659439460327,0.0017468968109991016
6090096290,21531.86192392258,1.3320611755371095,6.186465342586779E-5
6090096230,21262.649866028474,0.0,0.0
6090103840,679.485947295815,0.0,0.0
6090103890,76758.79806799848,71.67022203369143,9.337069344181339E-4
6090103670,16194.226965505752,0.0,0.0
6090103640,35840.05581929174,0.0,0.0
6090104930,9404.874489479002,53.64085267563766,0.0057035160581509455
6090104920,29373.940227941708,0.0,0.0
6090099730,53564.89379353356,0.0,0.0
6090099640,21844.373756310888,0.0,0.0
6090105130,7488.678723779154,0.0,0.0
6090105140,12946.192687543371,117.03612274160322,0.009040196262041859
6090105910,20030.133503934245,0.0,0.0
6090105950,12945.643312801578,0.0,0.0
6090101450,25103.81931840908,0.0,0.0
6090101460,22959.300386487612,0.0,0.0
6090106970,15844.859356467321,222.59791336468896,0.01404858877928962
6090106870,1020.5348841908226,30.046156664632157,0.029441577284695777
6090106880,43915.842809623005,408.7446841612108,0.009307453939416259
6090106980,41670.85577337119,136.22243596935806,0.003269009801723532
6090108220,2290.4084840706023,21.896274871108123,0.009559986798596388
6090108280,52547.838972546604,1.4234939514160156,2.708948606163831E-5
6090108760,17236.265399051445,184.89667103675984,0.010727188677828967
6090108810,36346.71608222628,211.1827907970959,0.005810230292039101
6090108730,18759.55008404306,534.6026845306491,0.02849762825524179
6090110460,26754.025342348294,1313.9939900979077,0.049113879996892235
6090110380,26482.103955213865,8.275855468749995,3.125074760957814E-4
6090112830,13439.03848819422,1238.6689567488318,0.09216946270649974
6090112900,51394.59954258234,4231.412068888192,0.08233184238321206
6090111750,77161.0058943169,107.41445041111356,0.0013920820389282263
6090111660,1654.1747197718037,3.851158454422296,0.0023281449102024545
6090111270,17204.396665205863,33.884675165153915,0.0019695358009085093
6090111410,63450.14863090327,0.7943201565132889,1.2518806868900176E-5
6090113480,12532.443275086065,19.61282431980504,0.0015649641406152983
6090113430,10843.53141231197,9.186430645153566,8.471807104024343E-4
6090108230,7334.430106422981,0.0,0.0
6090108090,14463.049553364948,0.0,0.0
6090107760,28238.025287122928,0.0,0.0
6090107630,32458.09991569392,19.032237225341802,5.863632583169005E-4
6091001330,12921.267085168602,0.0,0.0
6090081180,2567.4995621630464,0.0,0.0
6090082590,5330.674339499574,0.0,0.0
6090086490,1009.9542011879487,0.0,0.0
6090088570,198.5988948355737,0.0,0.0
6090099560,254.30992785299466,0.0,0.0
6090099740,402.68051340818437,0.0,0.0
6090101910,634.5337820090249,0.0,0.0
6090105890,979.7684972817881,0.0,0.0
6090106510,2179.6239315179755,0.0,0.0
6090119240,593.3313753290673,17.762508477472064,0.029936910832704246
6090117510,1697.1038460740276,59.01079937255861,0.03477147229915862
6090114630,205.69137201296644,0.0,0.0
6090118350,1840.9325334433795,0.0,0.0
6090118450,170.90976477810713,0.0,0.0
6090114410,2658.099190555539,0.0,0.0
6090109750,715.6584875950401,0.0,0.0
6090107480,1471.534754328118,0.0,0.0
6090090600,390.5786125643496,0.0,0.0
6090089410,361.0571415265532,0.0,0.0
6090082800,482.7341213923948,0.0,0.0
6090080550,220.95017107721338,0.0,0.0
6090082720,105.86356565042757,0.0,0.0
6090082810,201.31364726408248,0.0,0.0
6090084260,169.5735984977602,0.0,0.0
6090000130,26080.64440463954,1.4149864929199218,5.425427650354402E-5
6090000150,27238.609164135985,0.0,0.0
6090000170,58135.416419230474,2.3900722839355466,4.111215556968025E-5
6090000200,126.05975490492585,0.0,0.0
6090034390,707.6968761549952,0.0,0.0
6090034410,2010.2271262052443,0.0,0.0
6090034430,450.144888326686,0.0,0.0
6090000100,4138.563943785036,0.0,0.0
6090000140,1178.827235592194,0.0,0.0
6090000160,14275.180881287431,0.0,0.0
6090000180,2740.903902372489,0.0,0.0
6090000210,40188.99920063581,0.0,0.0
6090034400,3723.639251733584,0.0,0.0
6090034420,429.02386362910494,0.0,0.0
6090034440,200.9994831060152,0.0,0.0
