HYBAS_ID,area_total_ha,D4_perdida_ha,D4_proporcion
6090078040,34542.29972997703,852.6050267883018,0.024682925961886114
6090078010,47275.51356936393,2683.1415372597635,0.05675541807331156
6090081280,44090.85594480147,1739.3613740611836,0.039449480777572946
6090081290,36267.532611675546,26.962590513006486,7.434360313865538E-4
6090084300,9481.927683116795,1.4178944274902345,1.495365156617773E-4
6090084310,29652.596244566917,25.456089718304796,8.584776020402927E-4
6090084000,487.93595874431145,3.562665002058441,0.007301501228208006
6090084140,32085.925976951803,1375.8987219493977,0.042881689714603946
6090083710,26802.957590767015,216.65543715425434,0.008083266050791613
6090083810,14871.043650802332,1081.3957207599508,0.07271821306916859
6090086020,8121.003273740284,1.3298495910644532,1.637543473679657E-4
6090085920,63767.72154067925,938.0037307246158,0.01470969493752786
6090087020,963.9952217902487,0.0,0.0
6090087030,424.9523230285362,0.0,0.0
6090087210,66044.30639544786,3688.454987185459,0.055848190230061795
6090087250,124.278517021951,0.0,0.0
6090087240,20935.970822398616,1487.072112621404,0.07102952737354987
6090087310,50143.06907563306,1205.4041564298632,0.024039297527075926
6090086730,23175.177798687655,986.3308265325842,0.042559795445816916
6090086720,4339.19430599167,17.111641992187515,0.003943506740078296
6090087090,36742.1337922932,3321.003144504766,0.09038677947445063
6090087140,12185.798489443927,368.1907305015199,0.030214739790787523
6090089070,8998.559167784106,77.65181024337474,0.008629360411539805
6090089030,15354.956086595965,561.5442814847115,0.03657088163051856
6090087200,12163.409364899504,125.17027638983028,0.010290722990137927
6090087230,2592.003163708258,141.20380119528377,0.054476708660058146
6090090190,3907.243075570897,43.429661350552315,0.0111151675261992
6090090250,62101.23492331343,216.44499910756969,0.003485357406738365
6090090330,47709.93794974713,2572.14378611673,0.053912117614279206
6090090400,76337.3345287997,345.2061387599581,0.004522114125293732
6090087590,94742.60391556223,451.1731734076057,0.004762093870775457
6090087630,34015.86005522212,238.76256401819535,0.0070191541131279
6090090070,15086.726000588433,71.14771195068349,0.004715914635680962
6090090180,32516.546515930004,175.41644989013724,0.00539468266730601
6090088090,17915.193731246218,1176.2190794540559,0.06565483449964545
6090088100,4374.822478542712,156.89491300831511,0.035863149597004464
6090091120,57231.04286283208,226.7574120272998,0.0039621401373163565
6090091080,4433.339449983092,8.529296208424288,0.0019238987460021401
6090088150,2844.6877290515663,70.35635909024106,0.024732542124649384
6090088240,18336.021224641736,533.7174605805494,0.029107593956277045
6090088110,740.6610993065832,1.274303435752719,0.0017204946188556938
6090088160,21521.44863637066,311.50000775788,0.01447393309906906
6090091830,2418.577280489123,2.741187006907743,0.0011333882233249858
6090091910,100044.4937146511,426.0344889816224,0.004258450147159188
6090091460,7090.70582021485,17.687465627728642,0.0024944576853412185
6090091540,33547.99928755753,365.2449698163673,0.010887235530371296
6090091860,34734.3742592354,6.124510156250002,1.7632418279772458E-4
6090091820,25747.50264010679,7.630944012451173,2.963760842795091E-4
6090091010,11166.036774119399,253.73160809277795,0.0227235153551416
6090090970,45123.44060354556,1140.7350154655055,0.025280319944748907
6090089340,15481.700904050958,53.04643444618372,0.0034263957671668704
6090089420,36663.3406883415,544.9510137931996,0.01486364863544711
6090094710,17141.910965233834,48.932562460291294,0.002854557030399545
6090094660,40487.17151090762,209.99718250107804,0.005186758537688978
6090091200,72504.65410617279,437.17141147075733,0.006029563437825409
6090091210,28194.373723198514,264.1151476847812,0.009367654351104296
6090096470,116.55951837420243,0.0,0.0
6090096440,38696.751693967664,54.9501885536104,0.001420020703241002
6090096570,15422.446618558997,11.812719195556642,7.659432700737315E-4
6090096580,18991.40421356438,50.00122927856444,0.002632834766523039
6090092360,7758.6564073339905,136.8272419972372,0.017635430004078943
6090092270,60739.77985718189,1402.6628075378712,0.0230929847101186
6090093290,23484.084827434246,199.24930123571173,0.008484439683293408
6090093300,36142.23873282025,683.7569686554325,0.01891850069692895
6090097240,5417.51697530467,29.935756311035167,0.00552573373512164
6090097270,10184.79165413677,4.796839318847656,4.709806034077602E-4
6090097540,39684.45444735778,62.92560910977231,0.0015856488387220842
6090097490,37512.100134386565,215.44337944216187,0.005743303591916716
6090094200,25109.9673479469,243.62703448737724,0.009702403476334958
6090094190,42811.3589245364,603.506405647046,0.014096875707936461
6090098040,9419.480914556714,19.961642971023863,0.002119187156075178
6090098020,51535.35205129623,106.86023457641595,0.002073532639692682
6090099040,20739.08414116736,18.33005453220739,8.83841080321478E-4
6090099070,6829.85046776399,11.374466595458982,0.001665404923452569
6090099360,40420.96312507553,27.45507906494143,6.792287205029365E-4
6090099410,78535.5416362006,16.439860766601562,2.0933020163986087E-4
6090100580,5856.4761070680615,31.062019232608574,0.00530387534495709
6090100470,40690.93949538688,44.52240821942495,0.0010941602423427074
6090097200,40854.866680766994,520.2143080615945,0.012733227405353221
6090097140,24444.024035010036,119.06483218520233,0.004870917816750275
6090101970,29495.435805719,33.656623317823176,0.001141079031329225
6090101880,11000.670860682867,9.502666790149162,8.638261166518787E-4
6090101810,43237.46443277505,31.73324098510742,7.339292764136477E-4
6090101820,149.38569977014157,0.0,0.0
6090101980,15474.188314265919,0.26667959594726565,1.7233834210315842E-5
6090101900,63237.5279428242,590.9622531184269,0.009345119462176662
6090097280,32907.718538972695,266.0373945995139,0.008084346360397034
6090097170,27486.35888792534,96.4742176079484,0.003509894417129552
6090097150,14635.941213153672,367.99543585604494,0.025143270972236387
6090103010,17138.516700378266,26.30851191365557,0.001535051858547065
6090102970,53796.30542736826,49.70597955578375,9.23966416669506E-4
6090096290,21531.86192392258,134.42716012889184,0.006243173981138111
6090096230,21262.649866028474,378.55065586248656,0.017803550274667332
6090103840,679.485947295815,0.0,0.0
6090103890,76758.79806799848,62.685625140380886,8.166572004534182E-4
6090103670,16194.226965505752,12.53730842285156,7.741838156002412E-4
6090103640,35840.05581929174,31.473417346191432,8.781631787875213E-4
6090104930,9404.874489479002,5.15784180908203,5.48422184139935E-4
6090104920,29373.940227941708,57.97750673217775,0.0019737735653532497
6090099730,53564.89379353362,648.7399047559552,0.012111288920996076
6090099640,21844.373756310786,163.52582818280388,0.0074859471828786885
6090105130,7488.678723779154,9.248976849365231,0.001235061242512183
6090105140,12946.192687543371,12.450992504882828,9.617493579299946E-4
6090105910,20030.133503934245,5.070142449951175,2.531257442170975E-4
6090105950,12945.643312801578,13.252034326171886,0.0010236675000204376
6090101450,25103.81931840908,317.4757791190128,0.012646513070073051
6090101460,22959.30038648767,451.1261622862568,0.019648950738575637
6090106970,15844.859356467321,6.299119740062041,3.9754974142392494E-4
6090106870,1020.5348841908226,0.4622078325338925,4.5290743089137516E-4
6090106880,43915.842809623005,454.9238927222649,0.010358992646329909
6090106980,41670.85577337119,243.3551949392058,0.005839937539624909
6090108220,2290.4084840706023,2.837851090375115,0.00123901527177876
6090108280,52547.838972546626,84.68331479492193,0.0016115470483793698
6090108760,17236.265399051445,30.78370783959485,0.0017859847900281783
6090108810,36346.71608222628,130.4388943479289,0.003588739462812547
6090108730,18759.55008404306,257.5253461329561,0.013727693093876918
6090110460,26754.025342348294,442.9727036846809,0.016557235706266233
6090110380,26482.103955213865,30.5082960015989,0.0011520344476101322
6090112830,13439.03848819422,317.5879273312363,0.0236317447569056
6090112900,51394.59954258258,727.4965523594316,0.014155116662727767
6090111750,77161.00589433344,177.17393533215153,0.0022961589636970097
6090111660,1654.1747197718037,12.281021600341779,0.007424259029926396
6090111270,17204.396665205863,77.08812086143355,0.004480722129438949
6090111410,63450.14863090327,252.5028969669363,0.003979547761751897
6090113480,12532.443275086081,19.18393881879021,0.001530742122481974
6090113430,10843.53141231199,22.36561833086801,0.0020625769853420245
6090108230,7334.430106422981,25.977047314453138,0.003541794923058065
6090108090,14463.049553364948,27.221219610595732,0.0018821217136922891
6090107760,28238.025287122975,18.992957055520453,6.726021689690025E-4
6090107630,32458.099915694045,161.6395000669952,0.0049799433881476144
6091001330,12921.267085170099,9.52078195800781,7.368303661902424E-4
6090081180,2567.499562163103,46.5225485781922,0.018119788320040544
6090082590,5330.674339499646,23.393547063538794,0.004388477999902464
6090086490,1009.9542011879644,2.8450057537482776,0.00281696511624173
6090088570,198.5988948355566,0.0,0.0
6090099560,254.30992785298173,0.0,0.0
6090099740,402.680513408141,0.0,0.0
6090101910,634.5337820085153,6.979133114253026,0.01099883617253867
6090105890,979.7684972821403,6.25304367283242,0.006382164450253552
6090106510,2179.6239315180824,88.29880098697451,0.04051102564536233
6090119240,593.3313753290407,3.1839153425388718,0.005366167162107657
6090117510,1697.1038460739721,3.471543424622779,0.002045569240004812
6090114630,205.6913720129604,0.49915187081131285,0.002426703006190565
6090118350,1840.932533443256,2.088612591409122,0.0011345405404415384
6090118450,170.90976477809625,0.0,0.0
6090114410,2658.0991905556316,2.004544404823452,7.541270137494137E-4
6090109750,715.6584875949649,0.0,0.0
6090107480,1471.5347543282,0.0,0.0
6090090600,390.5786125643493,0.0,0.0
6090089410,361.05714152652473,0.0,0.0
6090082800,482.734121392417,0.0,0.0
6090080550,220.9501710772139,0.0,0.0
6090082720,105.86356565042159,0.0,0.0
6090082810,201.31364726406403,0.0,0.0
6090084260,169.5735984977833,0.0,0.0
6090000130,26080.644404639574,826.6054775970099,0.03169421218173437
6090000150,27238.609164135563,314.59001528648344,0.011549415514970445
6090000170,58135.41641922402,1432.8223849127955,0.024646290904334088
6090000200,126.05975490492463,0.0,0.0
6090034390,707.6968761550313,0.0,0.0
6090034410,2010.2271262051936,0.0,0.0
6090034430,450.1448883266636,0.0,0.0
6090000100,4138.563943783199,82.35707733611453,0.019899916602672856
6090000140,1178.8272355921922,40.227297684230365,0.03412484583800941
6090000160,14275.180881287908,590.0213635064817,0.0413319710911607
6090000180,2740.903902372496,4.247805505371096,0.0015497827201071306
6090000210,40188.999200636,111.73672670431674,0.0027802813935846526
6090034400,3723.6392517347067,0.44407827148437506,1.1925920892511146E-4
6090034420,429.0238636290724,0.0,0.0
6090034440,200.9994831060464,0.0,0.0
