area_total,geom_type,HYBAS_ID,D1_raw,D2_raw,D4_raw,D5_raw,area_total_ha,n_indicadores_validos,D1_norm,D2_norm,D4_norm,D5_norm,ICSHM_EO,veto_activado,categoria,Ii,p_sim,quadrant,p_fdr,significativo_FDR,LISA_cat
34541.73938407612,Polygon,6090078040,0.3104180398802575,-0.019100583213713,852.6050267883018,0.0,34542.29972997703,4,0.4155115371621233,0.3786060323263387,0.1782203493305496,1.0,0.4930844797047529,True,Crítico (veto),-0.0387335135277366,0.47,2,0.47429370629370626,False,NS
47273.98246551362,Polygon,6090078010,-0.0207030397813574,-0.1343001487013375,2683.1415372597635,7.790013745117186,47275.51356936393,4,0.3424266091031176,0.79935889382232,0.0387323427967253,0.7397031124756042,0.4800552395494418,True,Crítico (veto),0.25395958895826237,0.226,3,0.3317647058823529,False,NS
44089.187962543874,Polygon,6090081280,0.5806558250238688,0.0084001247773085,1739.3613740611836,0.0,44090.85594480147,4,0.4751583259024519,0.2781629314221887,0.0914847874655186,1.0,0.4612015111975398,True,Crítico (veto),-0.6157662108288574,0.067,2,0.1820377358490566,False,NS
36268.9033301065,MultiPolygon,6090081290,0.5256557822935934,-0.1826908584545234,26.96259051300649,0.0,36267.532611675546,4,0.4630187358458711,0.9761002687770868,0.5944511561295004,1.0,0.7583925401881146,False,Alto,0.6772377657137633,0.102,1,0.24314754098360655,False,NS
9481.927930363227,Polygon,6090084300,0.7857658324715641,-0.1020976729157284,1.4178944274902343,0.0,9481.927683116795,4,0.5204301344922773,0.6817431391387172,0.8925031129835096,1.0,0.773669096653626,False,Alto,0.3844196940348027,0.245,1,0.33283018867924524,False,NS
29652.596244566917,Polygon,6090084310,0.6840225714307875,-0.0385966526143163,25.4560897183048,0.0,29652.59624456692,4,0.4979733977564197,0.4498131324009419,0.6011940781838587,1.0,0.6372451520853051,False,Alto,0.5223059629242792,0.001,1,0.022153846153846156,True,High-High
487.93576619288615,Polygon,6090084000,0.7417954088045192,,3.562665002058441,0.0,487.93595874431145,3,0.5107249980699327,,0.8151876741546953,1.0,0.7753042240748759,False,Alto,0.4414113605368929,0.217,1,0.3317647058823529,False,NS
32083.072989365966,Polygon,6090084140,0.9098957073376804,,1375.8987219493977,0.0,32085.925976951803,3,0.5478280367455393,,0.1200069396286092,1.0,0.5559449921247162,True,Crítico (veto),-0.1705963885473367,0.064,2,0.1820377358490566,False,NS
26802.643431844313,Polygon,6090083710,0.5935984735350709,,216.6554371542544,0.0,26802.95759076701,3,0.4780150227225421,,0.344604910597635,1.0,0.6075399777733924,False,Alto,0.024075686193891957,0.349,1,0.3979842519685039,False,NS
14870.645297421643,Polygon,6090083810,0.6764413450426447,,1081.3957207599508,0.0,14871.043650802332,3,0.4963000721386648,,0.1493080434446235,1.0,0.5485360385277628,True,Crítico (veto),-0.15974072295513628,0.117,2,0.26325000000000004,False,NS
8120.102824404833,Polygon,6090086020,0.5538863553742176,-0.0064472315657008,1.3298495910644532,0.0,8121.003273740284,4,0.4692497779914525,0.3323911539031386,0.897019406776051,1.0,0.6746650846676605,False,Alto,0.5571029695837899,0.022,1,0.10559999999999999,False,NS
63767.98482484244,Polygon,6090085920,1.0023298763326791,-0.0357448772248166,938.0037307246158,0.0,63767.72154067925,4,0.5682300739643631,0.4393973582580722,0.1666109317635251,1.0,0.5435595909964901,True,Crítico (veto),-0.32666048889510463,0.014,2,0.084,False,NS
964.8956711256957,Polygon,6090087020,0.6703351009305055,-0.0767722443597781,0.0,0.0,963.9952217902488,4,0.4949523040892778,0.5892449904831754,1.0,1.0,0.7710493236431133,False,Alto,1.0103681555798607,0.044,1,0.15839999999999999,False,NS
424.9523230285362,Polygon,6090087030,0.6472944623176036,0.0025823183042683,0.0,0.0,424.9523230285362,4,0.4898667824511558,0.2994117851899963,1.0,1.0,0.6973196419102881,False,Alto,0.6809461633714397,0.028,1,0.12218181818181818,False,NS
66043.11549362753,Polygon,6090087210,1.4705107457265807,-0.0394770009677991,3688.454987185459,0.0,66044.30639544786,4,0.6715667905310754,0.4530285012026667,0.0,1.0,0.5311488229334356,True,Crítico (veto),-0.0979024025779016,0.315,2,0.38117647058823534,False,NS
124.278517021951,Polygon,6090087250,0.6711644592189319,0.0131888764832468,0.0,0.0,124.278517021951,4,0.4951353597585416,0.2606725791388397,1.0,1.0,0.6889519847243453,False,Alto,0.6364422213319614,0.025,1,0.11612903225806452,False,NS
20935.970822398616,Polygon,6090087240,0.8115867937151185,-0.0909986222267694,1487.072112621404,0.0,20935.970822398616,4,0.5261293279620136,0.6412051621289852,0.1105529619977121,1.0,0.5694718630221778,True,Crítico (veto),-0.10313374428633114,0.067,2,0.1820377358490566,False,NS
50143.696002701414,Polygon,6090087310,0.7623116151739985,0.0034807174152863,1205.4041564298632,0.0,50143.06907563306,4,0.5152533279125673,0.2961304881197667,0.1361016354884349,1.0,0.4868713628801922,True,Crítico (veto),-0.22266668450914315,0.262,2,0.3429818181818182,False,NS
23175.81787295576,Polygon,6090086730,0.9889000792566464,-0.1079478832692107,986.3308265325842,0.0,23175.17779868765,4,0.5652658538846511,0.7031103442680241,0.1605005841522776,1.0,0.6072191955762382,True,Crítico (veto),0.1314170710425629,0.009,1,0.06821052631578947,False,NS
4339.19430599167,Polygon,6090086720,0.6726154496266323,-0.1269860567442271,17.111641992187515,0.0,4339.19430599167,4,0.4954556218501893,0.7726450333387964,0.6473307680918989,1.0,0.7288578558202212,False,Alto,0.7229834036541298,0.056,1,0.171,False,NS
36742.13379229318,Polygon,6090087090,0.7904903852351982,-0.107518042140648,3321.003144504766,0.0,36742.1337922932,4,0.52147293611395,0.7015404001101111,0.0127733836755661,1.0,0.5589466799749068,True,Crítico (veto),-0.16323037203251295,0.056,2,0.171,False,NS
12185.798489443927,Polygon,6090087140,0.856736436664083,-0.1351434108878244,368.1907305015199,0.0,12185.798489443929,4,0.5360947412488603,0.8024388097617063,0.2802696993060469,1.0,0.6547008125791534,False,Alto,0.32137693989368,0.064,1,0.1820377358490566,False,NS
8998.559167784106,Polygon,6090089070,0.4900014648494248,-0.0459724950884086,77.65181024337474,0.0,8998.559167784106,4,0.455149127459528,0.4767525293837484,0.468536920807022,1.0,0.6001096444125746,False,Alto,0.007201707792642003,0.416,1,0.45381818181818184,False,NS
15355.320750258219,Polygon,6090089030,0.7066889425311855,,561.5442814847115,0.0,15354.956086595965,3,0.5029763112010249,,0.2289919131200211,1.0,0.5773227414403487,False,Medio,-0.03883796705336721,0.178,2,0.31258536585365854,False,NS
12163.81636301723,Polygon,6090087200,0.873493954944984,-0.119177021288362,125.17027638983028,0.0,12163.409364899504,4,0.5397934547806558,0.7441234499485206,0.4109954277287259,1.0,0.6737280831144756,False,Alto,0.16602012199019353,0.269,1,0.34585714285714286,False,NS
2592.0037083684997,Polygon,6090087230,0.6309737774058872,-0.121323692443215,141.20380119528377,0.0,2592.003163708258,4,0.4862644866267236,0.7519639138189536,0.396430050264749,1.0,0.6586646126776066,False,Alto,0.16736197821305415,0.223,1,0.3317647058823529,False,NS
3908.1430430986516,Polygon,6090090190,0.3657279846560629,-0.0856718620943946,43.42966135055232,0.0,3907.243075570897,4,0.4277195286890244,0.621749797356449,0.5380738838394739,1.0,0.6468858024712368,False,Alto,0.012886848816737144,0.471,1,0.47429370629370626,False,NS
62100.6471168679,Polygon,6090090250,0.3655645851726816,,216.44499910756969,0.0,62101.23492331343,3,0.4276834632126131,,0.3447226849094004,1.0,0.5908020493740045,False,Medio,0.002143215824401,0.214,1,0.3317647058823529,False,NS
47710.88097189873,Polygon,6090090330,1.1517573349633743,-0.0055206171065081,2572.14378611673,0.0,47709.93794974713,4,0.601211649994572,0.3290068035928005,0.0438743534683955,1.0,0.493523201763942,True,Crítico (veto),-0.041410818726068194,0.458,2,0.47429370629370626,False,NS
76337.88765569359,Polygon,6090090400,0.1655551860491672,-0.0186895395747632,345.2061387599581,0.0,76337.3345287997,4,0.3835374590953114,0.3771047437880028,0.2880959734276161,1.0,0.5121845440777326,False,Medio,0.11002315549550337,0.337,3,0.3977704918032787,False,NS
34016.03686183204,Polygon,6090087630,0.3679433490587933,-0.1892344589956142,238.7625640181953,0.0,34015.86005522212,4,0.4282085031395893,1.0,0.3328268621604507,1.0,0.69025884132501,False,Alto,0.5401881854483925,0.051,1,0.1669090909090909,False,NS
15085.819851191372,Polygon,6090090070,0.3838928221369295,,71.14771195068349,0.0,15086.726000588433,3,0.4317288652188803,,0.4790461882998533,1.0,0.6369250178395779,False,Alto,0.14740262921005834,0.174,1,0.31258536585365854,False,NS
32515.64654840225,Polygon,6090090180,0.2365830069011323,-0.1160363872228279,175.41644989013724,0.0,32516.546515930004,4,0.3992146946928118,0.732652653471192,0.3701814198786848,1.0,0.6255121920106721,False,Alto,0.19552403771361057,0.046,1,0.1615609756097561,False,NS
17915.193731246218,Polygon,6090088090,1.819851134922656,-0.0202075807400021,1176.219079454056,2.395219329833984,17915.193731246218,4,0.7486730781724172,0.3826492105699679,0.1390833134451272,0.8536178239836697,0.5310058565427955,True,Crítico (veto),-0.10385976142819275,0.298,2,0.36676923076923074,False,NS
4374.822478542712,Polygon,6090088100,1.9606295825204223,-0.0242874139256421,156.89491300831511,0.0,4374.822478542712,4,0.7797456475342222,0.3975503213512296,0.3836861718453647,1.0,0.6402455351827041,False,Alto,-0.06867614349425738,0.346,4,0.3979842519685039,False,NS
57230.912298845826,Polygon,6090091120,-0.1373494313619334,-0.0040379194385374,226.7574120272998,0.0,57231.04286283208,4,0.3166804586444361,0.3235914247769914,0.3390811630489621,1.0,0.4948382616175974,False,Medio,-0.026579475230912093,0.469,2,0.47429370629370626,False,NS
4433.33847481342,Polygon,6090091080,0.6749914510544188,-0.0207963052122757,8.529296208424288,0.0,4433.339449983092,4,0.4959800520483373,0.3847994574506165,0.7255197090888497,1.0,0.6515748046469508,False,Alto,-0.13182870742308914,0.261,4,0.3429818181818182,False,NS
2844.1353701780317,Polygon,6090088150,2.0010759585539013,-0.0118889030160934,70.35635909024106,0.0,2844.6877290515663,4,0.7886729574043011,0.3522662187471953,0.4803890341306204,1.0,0.6553320525705292,False,Alto,-0.0040763402001631754,0.497,4,0.497,False,NS
18336.021224641736,Polygon,6090088240,1.751653356841151,-0.0673909867732003,533.7174605805494,0.0,18336.021224641736,4,0.7336204886182748,0.5549810507080941,0.2351686952652838,1.0,0.6309425586479132,False,Alto,0.02060722464093363,0.432,1,0.464,False,NS
21522.64962763467,Polygon,6090088160,1.9969367304813364,0.0056411630734169,311.50000775788,0.35478486328125,21521.44863637066,4,0.7877593484422489,0.2882397144964698,0.3005672947229755,0.9636379048976682,0.5850510656398406,False,Medio,0.0015195788221585033,0.465,3,0.47429370629370626,False,NS
2418.5772804891253,Polygon,6090091830,0.7246202719787501,-0.0876026346944387,2.741187006907743,0.0,2418.577280489123,4,0.5069341079200282,0.6288017171525688,0.8393564656269762,1.0,0.7437730726748933,False,Alto,-0.5345404688177314,0.142,4,0.284,False,NS
100044.4946898208,Polygon,6090091910,-0.6288358206549409,-0.0057822988518557,426.0344889816224,0.0,100044.4937146511,4,0.2081997559354206,0.3299625653848715,0.2625481313314581,1.0,0.4501776131629376,False,Medio,0.49343113884154705,0.133,3,0.275830985915493,False,NS
7090.70582021485,Polygon,6090091460,0.7385348367097004,-0.0989862614977727,17.687465627728642,0.0,7090.70582021485,4,0.5100053257457648,0.6703790749440761,0.6435200796057821,1.0,0.7059761200739058,False,Alto,-0.2606042566689542,0.25,4,0.3364485981308411,False,NS
33546.9519249949,Polygon,6090091540,0.0380808192862217,-0.0410543870847781,365.2449698163673,3.7275347839355457,33547.99928755753,4,0.3554013617687444,0.4587897184398467,0.2812450726311994,0.8139753555282273,0.4773528770920044,False,Medio,0.033861936789469756,0.458,3,0.47429370629370626,False,NS
34735.45505937296,Polygon,6090091860,0.2250433319493009,,6.124510156250002,0.0,34734.3742592354,3,0.3966676617025207,,0.7609296207153735,1.0,0.7191990941392982,False,Alto,0.4309089107188737,0.152,1,0.29184,False,NS
25748.568618064393,Polygon,6090091820,0.2144674001462586,,7.630944012451173,0.0,25747.50264010679,3,0.3943333457605331,,0.7375754934597296,1.0,0.7106362797400876,False,Alto,0.7064271529583155,0.035,1,0.14,False,NS
11166.036774119399,Polygon,6090091010,1.3509191801457114,-0.0055828982496867,253.73160809277795,0.0,11166.0367741194,4,0.6451705823045445,0.3292342781418468,0.3254532312201375,1.0,0.5749645229166322,False,Medio,-0.007821760075912796,0.432,2,0.464,False,NS
45124.48796430568,Polygon,6090090970,1.4031828691115544,-0.0348825033834695,1140.7350154655055,1.1532519958496097,45123.44060354556,4,0.656706205322174,0.4362476392474995,0.1428097256988738,0.9081519975337524,0.5359788919505749,True,Crítico (veto),-0.1341363446931404,0.233,2,0.3317647058823529,False,NS
15484.182205975443,Polygon,6090089340,1.8348623326721445,-0.0446152516468853,53.04643444618372,0.0,15481.700904050958,4,0.7519863444516951,0.4717953573722885,0.5142177172231817,1.0,0.6844998547617913,False,Alto,-0.25829265668849116,0.199,4,0.3216,False,NS
36664.02466039896,Polygon,6090089420,1.250624200238039,-0.0221327144648701,544.9510137931996,0.0,36663.3406883415,4,0.6230335096702002,0.3896805350378336,0.2326373224839418,1.0,0.561337841797994,False,Medio,0.08798061952106843,0.165,3,0.30258227848101266,False,NS
17141.910965233834,Polygon,6090094710,-0.5299738327455865,-0.0043361656362674,48.932562460291294,0.0,17141.910965233834,4,0.2300205390806957,0.3246807339301468,0.5238570663167073,1.0,0.5196395848318874,False,Medio,0.04783197134044596,0.408,3,0.4484885496183206,False,NS
40485.88191640414,Polygon,6090094660,-0.124077810727084,-0.0290286832487064,209.99718250107804,0.0,40487.17151090762,4,0.3196097660757709,0.4148672498166995,0.3483876432529781,1.0,0.5207161647863622,False,Medio,0.15568061482565224,0.235,3,0.3317647058823529,False,NS
72506.11276161825,Polygon,6090091200,-0.2067631043862326,-0.0328385409727262,437.1714114707573,0.0,72504.65410617279,4,0.3013594971868429,0.4287823069828319,0.2594135069300314,1.0,0.4973888277749265,False,Medio,0.7905422111044537,0.003,3,0.027000000000000003,True,Low-Low
28194.373723198514,Polygon,6090091210,0.428533270049327,0.0106567864617613,264.1151476847812,5.768582855224611,28194.373723198514,4,0.4415818891566299,0.2699207400810777,0.3205886702618246,0.770997487903152,0.450772196850671,False,Medio,0.6986567055022299,0.048,3,0.16409302325581396,False,NS
116.55962656161422,Polygon,6090096470,-0.5795871795676492,-0.0212605884652528,0.0,0.0,116.55951837420244,4,0.2190698986474061,0.3864951974163698,1.0,1.0,0.651391274015944,False,Alto,-0.0991486085588799,0.295,4,0.3662068965517241,False,NS
38697.8077354763,Polygon,6090096440,0.1079483972299262,-0.0124599856736669,54.9501885536104,0.0,38696.751693967664,4,0.3708225089602518,0.3543520309749384,0.5100027842913342,1.0,0.5587943310566311,False,Medio,0.02157130621721851,0.404,3,0.44750769230769233,False,NS
15422.446849147067,Polygon,6090096570,0.0114819521910366,-0.0319000042413014,11.812719195556642,0.0,15422.446618558995,4,0.3495304691934686,0.4253544119756368,0.6894720938707267,1.0,0.6160892437599581,False,Alto,0.006875877012430901,0.467,1,0.47429370629370626,False,NS
18991.404213564383,Polygon,6090096580,-0.6309859537058128,-0.0028933394376238,50.00122927856444,0.0,18991.40421356438,4,0.2077251793258587,0.3194109809657931,0.5212787407001871,1.0,0.5121037252479598,False,Medio,0.14032296967934144,0.265,3,0.34378378378378377,False,NS
7758.6564073339905,Polygon,6090092360,-0.100235830388664,0.0007894381012738,136.8272419972372,0.0,7758.6564073339905,4,0.324872159577261,0.3059600692268008,0.4002361291996351,1.0,0.5077670895009243,False,Medio,0.8286929531504199,0.001,3,0.022153846153846156,True,Low-Low
60738.68062941396,Polygon,6090092270,0.4953135827560565,0.0214611364394529,1402.6628075378712,4.259358294677732,60739.77985718189,4,0.4563216162525819,0.230459122752268,0.1176629854849004,0.8012090788051415,0.4014132008237229,True,Crítico (veto),1.2502962705201528,0.012,3,0.07854545454545454,False,NS
23484.084827434246,Polygon,6090093290,-0.4889794072605428,0.0023682556978187,199.24930123571173,0.0,23484.08482743425,4,0.2390688142326626,0.3001936236788978,0.3547531849704142,1.0,0.4735039057204936,False,Medio,1.0946032786258073,0.002,3,0.022153846153846156,True,Low-Low
36141.376962204005,Polygon,6090093300,-0.2836039839639299,-0.0317992665560765,683.7569686554325,0.0,36142.23873282025,4,0.2843992053151631,0.4249864794305839,0.2050556499161399,1.0,0.4786103336654717,False,Medio,1.189507958159072,0.001,3,0.022153846153846156,True,Low-Low
5417.516975304666,Polygon,6090097240,0.2794509024702173,-0.0847911712169281,29.935756311035167,0.0,5417.51697530467,4,0.4086764815017618,0.6185331775261663,0.5821484367620248,1.0,0.6523395239474883,False,Alto,0.15416762047081922,0.225,1,0.3317647058823529,False,NS
10184.79165413677,Polygon,6090097270,0.1011960324131334,-0.0349372558164604,4.796839318847656,0.0,10184.79165413677,4,0.3693321293765425,0.4364476160682218,0.7860388711208119,1.0,0.6479546541413941,False,Alto,0.016051105738355043,0.461,1,0.47429370629370626,False,NS
39684.54566836146,Polygon,6090097540,-0.2798406669837902,0.0001190736367583,62.92560910977231,0.0,39684.45444735778,4,0.2852298433133172,0.3084084965754302,0.4937779641506212,1.0,0.5218540760098422,False,Medio,-0.08018329135200784,0.345,2,0.3979842519685039,False,NS
37511.450455065446,Polygon,6090097490,-0.7868539798556298,-0.0517247287682127,215.44337944216187,0.7994062438964842,37512.100134386565,4,0.1733220435016457,0.4977618862378863,0.3452848209031308,0.929650341569532,0.4865047730530487,True,Crítico (veto),0.36038180074905485,0.136,3,0.275830985915493,False,NS
25104.909061127604,Polygon,6090094200,-0.771538703288937,-0.0048930196946465,243.62703448737724,1.953704943847656,25109.9673479469,4,0.1767024259503391,0.3267145778731071,0.3303813424878089,0.8703003712689774,0.4260246793950581,True,Crítico (veto),1.4259474870747235,0.003,3,0.027000000000000003,True,Low-Low
42810.658450399154,Polygon,6090094190,-0.7785833266499839,-0.0955314725969289,603.506405647046,0.0,42811.3589245364,4,0.1751475391636958,0.6577608648862374,0.2202325848513145,1.0,0.513285247225312,True,Crítico (veto),0.7186606590084098,0.002,3,0.022153846153846156,True,Low-Low
9419.480914556714,Polygon,6090098040,0.6180957595964529,-0.0420716179494763,19.961642971023863,0.0,9419.480914556714,4,0.48342205507236,0.4625050345116749,0.6295376178609204,1.0,0.6438661768612388,False,Alto,0.2046126902008254,0.116,1,0.26325000000000004,False,NS
51534.76387023367,Polygon,6090098020,0.5970946553923399,-0.0228154424544928,106.86023457641596,0.7106705810546875,51535.35205129623,4,0.4787866987504798,0.3921741187075395,0.4300860964375729,0.9357064021781756,0.559188329018442,False,Medio,-0.08268631879954792,0.207,2,0.32756043956043956,False,NS
20739.08414116736,Polygon,6090099040,0.7582295496053599,-0.0257300809908585,18.33005453220739,0.7996740417480468,20739.08414116736,4,0.5143523358382454,0.4028194930994599,0.6394037835893794,0.9296325205868522,0.6215520332784842,False,Alto,0.13075275306634662,0.103,1,0.24314754098360655,False,NS
6829.850467763991,Polygon,6090099070,0.8819762397544572,-0.1202815445549415,11.374466595458982,0.0,6829.85046776399,4,0.5416656616957511,0.748157591249619,0.6937095429022202,1.0,0.7458831989618976,False,Alto,0.45810457366364576,0.177,1,0.31258536585365854,False,NS
40420.96312507553,Polygon,6090099360,0.879438456402861,-0.0205111113779828,27.45507906494143,0.0,40420.96312507553,4,0.5411055230483708,0.3837578205195064,0.5923254274777006,1.0,0.6292971927613944,False,Alto,0.15928272222204015,0.103,1,0.24314754098360655,False,NS
78535.53814622702,Polygon,6090099410,0.0526280014199659,-0.0330185977398285,16.439860766601562,0.0,78535.5416362006,4,0.3586122106847736,0.4294399431437786,0.6519326703985924,1.0,0.6099962060567862,False,Alto,-0.058396101830334675,0.183,4,0.31282758620689655,False,NS
5856.4761070680615,Polygon,6090100580,1.2005297682903018,-0.0312180698854662,31.062019232608574,0.0,5856.4761070680615,4,0.6119766842974436,0.4228637269599811,0.577794554852279,1.0,0.6531587415274259,False,Alto,0.34046603591503355,0.049,1,0.16409302325581396,False,NS
40691.152695929006,Polygon,6090100470,1.1367266299928125,-0.0102045080723538,44.52240821942495,0.0,40690.93949538688,4,0.5978940780883308,0.3461141643582059,0.5351155609477991,1.0,0.619780950848584,False,Alto,0.14682048957757618,0.067,1,0.1820377358490566,False,NS
40853.97116867374,Polygon,6090097200,-0.9700626388150686,-0.0938949176784058,520.2143080615945,0.3552977844238281,40854.866680766994,4,0.132884292834968,0.6517835405617123,0.2382828399766726,0.963592575059958,0.4966358121083277,True,Crítico (veto),0.727695139812797,0.002,3,0.022153846153846156,True,Low-Low
24444.024035010036,Polygon,6090097140,-0.8644714854742905,-0.0252824790279469,119.06483218520232,0.0,24444.02403501004,4,0.1561903350037863,0.4011846795833751,0.4170345262487387,1.0,0.493602385208975,True,Crítico (veto),0.9179661184626929,0.001,3,0.022153846153846156,True,Low-Low
29496.288561817644,Polygon,6090101970,1.738523502913924,-0.0188559302202308,33.656623317823176,0.0,29495.435805719,4,0.7307224718847063,0.3777124660472866,0.5683200009627072,1.0,0.669188734723675,False,Alto,0.5638268849355413,0.017,1,0.09792000000000001,False,NS
11000.705778377482,Polygon,6090101880,1.2786213131558402,-0.0113209329502521,9.502666790149162,0.0,11000.670860682869,4,0.6292130225708843,0.3501917748946057,0.7136780472301871,1.0,0.6732707111739193,False,Alto,0.5781159663521905,0.02,1,0.10285714285714286,False,NS
43237.46471892693,Polygon,6090101810,0.9548733716950172,-0.0151316346779301,31.73324098510742,0.0,43237.46443277505,4,0.5577554909782245,0.3641099146848157,0.5752719215912149,1.0,0.6242843318135638,False,Alto,0.25658182282447334,0.013,1,0.08139130434782609,False,NS
149.38582448196183,Polygon,6090101820,0.2557554467264123,-0.0113896948075372,0.0,0.0,149.38569977014157,4,0.4034464288571791,0.3504429194895704,1.0,1.0,0.6884723370866874,False,Alto,0.2522111261277615,0.201,1,0.3216,False,NS
15474.19865851454,Polygon,6090101980,0.249479594732536,-0.0345782747775622,0.2666795959472656,0.0,15474.18831426592,4,0.4020612250158828,0.4351364800522145,0.9712173079951812,1.0,0.7021037532658196,False,Alto,0.1132918353579438,0.359,1,0.403875,False,NS
63236.65077742477,Polygon,6090101900,-0.5375677800100704,-0.0510498410890272,590.9622531184269,0.888857666015625,63237.5279428242,4,0.2283444057155959,0.4952969383797611,0.2227857076904892,0.9238404700635808,0.4675668804623567,False,Medio,0.36633859382244843,0.164,3,0.30258227848101266,False,NS
32909.50618935197,Polygon,6090097280,-0.8758726900020051,-0.0572719237565577,266.0373945995139,0.0,32907.718538972695,4,0.1536738651567274,0.5180223633911014,0.3197090591275059,1.0,0.4978513219188337,True,Crítico (veto),0.7546128675829868,0.002,3,0.022153846153846156,True,Low-Low
27486.359673135543,Polygon,6090097170,-0.9732669585238902,-0.01013600760255,96.4742176079484,0.0,27486.35888792534,4,0.1321770365176215,0.3458639744502687,0.442413561619085,1.0,0.4801136431467439,True,Crítico (veto),0.8682426879815903,0.002,3,0.022153846153846156,True,Low-Low
14635.941213153672,Polygon,6090097150,-0.8379135708301394,-0.0444763900930586,367.99543585604494,0.1776235900878906,14635.941213153672,4,0.162052188568496,0.4712881818818512,0.2803341222017829,0.9804205777064824,0.4735237675896531,True,Crítico (veto),1.043140744476779,0.002,3,0.022153846153846156,True,Low-Low
17137.58508472085,Polygon,6090103010,0.5165353612189679,-0.0360449531801501,26.30851191365557,392.7166319286395,17138.516700378266,4,0.4610056797191273,0.4404933503856317,0.5973329829927267,0.2844007090860309,0.4458081805458792,False,Medio,-0.4100951776475112,0.196,2,0.3207272727272727,False,NS
53796.30542736826,Polygon,6090102970,-0.1716486399241505,-0.1190791085548124,49.70597955578375,93.97659439460328,53796.30542736826,4,0.3091099494131537,0.7437658352071498,0.5219856354894439,0.4546894702784436,0.5073877225970478,False,Medio,0.29005564169054815,0.135,3,0.275830985915493,False,NS
21531.86113871213,Polygon,6090096290,-0.7900507974611559,-0.013881802735679,134.42716012889184,1.3320611755371097,21531.86192392258,4,0.1726164430458958,0.3595450505391455,0.402375006421014,0.8985989187400808,0.458283854686534,True,Crítico (veto),1.138524669823956,0.002,3,0.022153846153846156,True,Low-Low
21262.649866028474,Polygon,6090096230,-0.55653603168517,-0.0059993604602125,378.55065586248656,0.0,21262.649866028474,4,0.2241577398878073,0.3307553573754529,0.2769001772586092,1.0,0.4579533186304674,False,Medio,1.2104831117538337,0.002,3,0.022153846153846156,True,Low-Low
679.485947295815,Polygon,6090103840,0.777312190581693,-0.0353798642941245,0.0,0.0,679.485947295815,4,0.5185642496323063,0.4380641914668465,1.0,1.0,0.7391571102747883,False,Alto,0.2462508023790187,0.291,1,0.36438260869565214,False,NS
76758.79806799848,Polygon,6090103890,-0.3678228673442704,-0.1027892450064688,62.685625140380886,71.67022203369143,76758.79806799848,4,0.2658104430432106,0.6842690248473837,0.4942359052613343,0.4867471806007406,0.4827656384381673,False,Medio,0.8893507122246551,0.001,3,0.022153846153846156,True,Low-Low
16194.226965505752,Polygon,6090103670,1.1516741785003015,-0.0507211260332017,12.53730842285156,0.0,16194.226965505752,4,0.6011932957293361,0.4940963453066018,0.6827742333490898,1.0,0.694515968596257,False,Alto,0.32712617211986283,0.16,1,0.30258227848101266,False,NS
35840.05581929174,Polygon,6090103640,1.4968787612731882,-0.0176607699021477,31.473417346191432,0.0,35840.05581929174,4,0.6773867296338709,0.3733472835776189,0.5762422188691567,1.0,0.6567440580201617,False,Alto,0.5393667145579473,0.005,1,0.04,True,High-High
9404.874489479002,Polygon,6090104930,0.1380188644427943,-0.0123647858779177,5.15784180908203,53.64085267563766,9404.874489479002,4,0.3774596518905632,0.3540043249197483,0.7786832379675501,0.5208947102061884,0.5077604812460125,False,Medio,-0.2859292205941746,0.145,2,0.286027397260274,False,NS
29374.08091241839,Polygon,6090104920,1.4836642762397585,-0.0140826688061853,57.97750673217775,0.0,29373.940227941708,4,0.6744700331523543,0.3602786902328826,0.5035870016131385,1.0,0.6345839312495939,False,Alto,0.36890287932851706,0.004,1,0.033882352941176475,True,High-High
53563.85938603655,Polygon,6090099730,-0.3560477166966059,-0.0492299915628871,648.7399047559552,0.0,53564.89379353362,4,0.268409450146135,0.488650152062691,0.2114467802038596,1.0,0.4921265956031714,False,Medio,0.49369409861787883,0.044,3,0.15839999999999999,False,NS
21842.76762271786,Polygon,6090099640,-0.6716278745813019,-0.1050217124307798,163.52582818280388,0.0,21844.373756310782,4,0.1987547088671358,0.6924228494994075,0.3786774427896968,1.0,0.56746375028906,True,Crítico (veto),0.12284137039193704,0.027,3,0.12150000000000001,False,NS
7488.678723779154,Polygon,6090105130,0.8729884545554716,-0.0097691331571592,9.248976849365231,0.0,7488.678723779154,4,0.539681880912755,0.3445240086955843,0.7166551112982879,1.0,0.6502152502266568,False,Alto,0.2383700635085376,0.113,1,0.2624516129032258,False,NS
12946.192687543371,Polygon,6090105140,0.7499945908866479,-0.0234209058346559,12.450992504882828,117.03612274160322,12946.192687543373,4,0.5125347186507772,0.3943855024801806,0.6835530453379774,0.4286599505507307,0.5047833042549165,False,Medio,-0.15886867497486884,0.277,2,0.3498947368421053,False,NS
20030.133503934245,Polygon,6090105910,2.001578121988875,-0.0077789826087727,5.070142449951175,0.0,20030.133503934245,4,0.7887837947407715,0.3372552179280412,0.7804297226993298,1.0,0.7266171838420357,False,Alto,0.08565857283097505,0.401,1,0.44750769230769233,False,NS
12945.637069486882,Polygon,6090105950,1.5587858871053073,-0.0179865859464221,13.252034326171886,0.0,12945.643312801578,4,0.6910508486395349,0.3745372883521116,0.6765099292447891,1.0,0.6855245165591088,False,Alto,0.5022792525382421,0.053,1,0.1696,False,NS
25106.15216282113,Polygon,6090101450,-0.6874164625953204,0.0320141164608016,317.4757791190128,0.0,25103.81931840908,4,0.1952698572825221,0.1919156046192124,0.2982610251906106,1.0,0.4213616217730863,True,Crítico (veto),1.0477012663870928,0.012,3,0.07854545454545454,False,NS
22957.93373770673,Polygon,6090101460,-1.0364136580052723,-0.0909889083079874,451.1261622862568,0.0,22959.30038648767,4,0.1182393192527565,0.6411696831833262,0.2555963653900277,1.0,0.5037513419565276,True,Crítico (veto),0.5557194022056611,0.012,3,0.07854545454545454,False,NS
15844.859356467321,Polygon,6090106970,1.738951335161404,0.0017295255965031,6.299119740062041,222.59791336468896,15844.85935646732,4,0.7308169028676578,0.3025265102372332,0.7579816000621294,0.3521547574310062,0.5358699426495066,False,Medio,0.19005163240278217,0.124,3,0.26650746268656716,False,NS
1020.1626756166853,Polygon,6090106870,1.422226202034149,0.0209640651931089,0.4622078325338925,30.04615666463216,1020.5348841908226,4,0.660909443056461,0.2322746170067935,0.953739598028091,0.5885918478546714,0.6088788764865043,False,Alto,-0.04275378915941516,0.23,4,0.3317647058823529,False,NS
43914.911535734835,Polygon,6090106880,-0.1049995255236083,-0.0608448053054655,454.9238927222649,408.7446841612108,43915.842809623005,4,0.3238207184651812,0.5310718929542197,0.2545779318904595,0.2796222321934656,0.3472731938758315,False,Bajo,0.8042015025932572,0.124,3,0.26650746268656716,False,NS
41671.76991685937,Polygon,6090106980,0.8860473864146567,-0.0795694637206989,243.3551949392058,136.22243596935806,41670.85577337119,4,0.5425642437524489,0.5994615051493337,0.3305167165328664,0.4106236612552589,0.470791531672477,False,Medio,0.2336804257626191,0.256,3,0.3413333333333333,False,NS
2290.4084292453717,Polygon,6090108220,1.6418892877827476,0.0011648625056948,2.837851090375115,21.896274871108123,2290.4084840706023,4,0.7093934019622539,0.3045888757525292,0.8362505446952249,0.6250567058823405,0.6188223820730872,False,Alto,-0.12607860720905817,0.071,4,0.18933333333333333,False,NS
52547.548539689065,Polygon,6090108280,2.5073034790345496,-0.0308534455490711,84.68331479492193,1.4234939514160156,52547.83897254663,4,0.9004073173961996,0.421531979463713,0.4581113725373901,0.8939934875243213,0.668511039230406,False,Alto,0.288589552562685,0.122,1,0.26650746268656716,False,NS
17236.265399051445,Polygon,6090108760,1.3736497373426195,-0.0094052981065519,30.78370783959485,184.89667103675984,17236.265399051445,4,0.6501876628817607,0.343195143972809,0.5788560492265196,0.3742681419470067,0.486626749507024,False,Medio,0.12127315288049896,0.351,3,0.3979842519685039,False,NS
36347.248288929346,Polygon,6090108810,2.425009345561534,-0.1116959878385649,130.4388943479289,211.1827907970959,36346.71608222628,4,0.882243385245761,0.7167998553010441,0.4060144826865088,0.3584299641572444,0.5908719218476396,False,Medio,-0.0023180862295303496,0.189,4,0.31282758620689655,False,NS
18759.017933967785,Polygon,6090108730,2.608399864808618,0.0845594376829109,257.5253461329561,534.6026845306491,18759.55008404306,4,0.9227212760510638,0.0,0.3236532987807047,0.2475454098601538,0.3734799961729805,True,Crítico (veto),-0.9597777658488013,0.087,2,0.2237142857142857,False,NS
26755.562133420794,Polygon,6090110460,2.859219843540614,0.0422230081376093,442.9727036846809,1313.9939900979075,26754.025342348294,4,0.9780821734005246,0.1546288286879196,0.2578120795137327,0.1399839694961315,0.3826267627745771,True,Crítico (veto),-0.3015777954099119,0.331,2,0.3939173553719008,False,NS
26480.563892535196,Polygon,6090110380,2.884081107857562,-0.0193423437147782,30.5082960015989,8.275855468749995,26482.103955213865,4,0.9835695429026924,0.3794890341170946,0.5799156744723181,0.7332605777148052,0.6690587073017277,False,Alto,0.10838756049349342,0.327,1,0.39239999999999997,False,NS
13439.03848819422,Polygon,6090112830,2.910671020691709,-0.0026956451269624,317.5879273312363,1238.6689567488318,13439.03848819422,4,0.9894384590966262,0.3186889257517811,0.298218157973233,0.147047921190402,0.4383483660030105,True,Crítico (veto),-0.563692798645897,0.126,2,0.26682352941176474,False,NS
51396.027353643774,Polygon,6090112900,2.8930841284011017,-0.0050927069912089,727.4965523594316,4231.412068888192,51394.59954258258,4,0.9855566864255716,0.3274439122336784,0.1975167306692458,0.0,0.377629332332124,True,Crítico (veto),-1.2814772986767755,0.035,2,0.14,False,NS
77168.12859253534,Polygon,6090111750,-0.1980572455686604,-0.1212772195201871,177.17393533215153,107.41445041111356,77161.00589433344,4,0.3032810512782476,0.7517941769344149,0.3689744841743301,0.4388424591042243,0.4657230428728042,False,Medio,-0.5844571777392588,0.081,2,0.2120727272727273,False,NS
1654.1747197718037,Polygon,6090111660,2.3833074553947404,-0.1346558568924185,12.28102160034178,3.851158454422296,1654.1747197718037,4,0.8730389587384565,0.800658076146675,0.685101378995989,0.8108840952217676,0.792420627275722,False,Alto,-0.4731358050125748,0.234,4,0.3317647058823529,False,NS
17204.392926882472,Polygon,6090111270,1.0535416402210172,-0.1449654820158282,77.08812086143355,33.884675165153915,17204.396665205863,4,0.5795335164494471,0.8383127691419492,0.4694126662235465,0.5746319385903627,0.6154727226013263,False,Alto,0.03797706957277474,0.308,1,0.37586440677966104,False,NS
63450.15236922666,Polygon,6090111410,0.4146279766173461,-0.0937341400864358,252.5028969669363,0.7943201565132889,63450.14863090327,4,0.4385127176887358,0.6511963193200394,0.3260419424063903,0.929989306829884,0.5864350715612624,False,Medio,-0.007273193251492009,0.245,2,0.33283018867924524,False,NS
12532.303598707094,Polygon,6090113480,2.5688707189613216,-0.1173706071982791,19.18393881879021,19.61282431980504,12532.44327508608,4,0.9139964169045668,0.7375257349811783,0.6341408060961496,0.6376380437775517,0.7308252504398617,False,Alto,-0.2673661708857804,0.275,4,0.3498947368421053,False,NS
10843.496500495527,Polygon,6090113430,2.5695575163272903,-0.0248964327759023,22.36561833086801,9.186430645153566,10843.53141231199,4,0.9141480065772456,0.3997746910601544,0.6163185378941016,0.7220467149434846,0.6630719876187465,False,Alto,-0.1554128747834154,0.244,4,0.33283018867924524,False,NS
7334.430106422981,Polygon,6090108230,-0.6286556219121247,-0.1389910791910157,25.97704731445313,0.0,7334.430106422981,4,0.2082395293384564,0.8164919656204326,0.5988198565268164,1.0,0.6558878378714263,False,Alto,-0.41544818295739483,0.019,4,0.10133333333333333,False,NS
14463.049553364948,Polygon,6090108090,-0.1423063379494077,-0.1175757258812204,27.22121961059573,0.0,14463.049553364948,4,0.3155863719686166,0.7382749068415799,0.593330209172487,1.0,0.661797871995671,False,Alto,-0.4444197509611479,0.019,4,0.10133333333333333,False,NS
28237.64268816321,Polygon,6090107760,-0.7570412342663054,-0.0501035730542472,18.992957055520453,0.0,28238.02528712297,4,0.179902302205996,0.4918408056965294,0.6352983423137408,1.0,0.5767603625540666,True,Crítico (veto),0.061250944148414116,0.057,3,0.171,False,NS
32458.18555684749,Polygon,6090107630,-0.8600613877592317,-0.0168680927395461,161.6395000669952,19.0322372253418,32458.099915694045,4,0.1571637302179105,0.3704521234874277,0.3800814540014621,0.6410594546141418,0.3871891905802355,True,Crítico (veto),1.0869084465020111,0.03,3,0.12705882352941175,False,NS
12920.340750390242,Polygon,6091001330,-1.5721127698360704,-0.0518876899964974,9.52078195800781,0.0,12921.2670851701,4,0.0,0.4983570829543274,0.7134682236429648,1.0,0.552956326649323,True,Crítico (veto),0.1150089187401681,0.151,3,0.29184,False,NS
2567.195696722847,Polygon,6090081180,0.3959758370651284,,46.5225485781922,0.0,2567.499562163103,3,0.4343958240173529,,0.529880155246239,1.0,0.6547586597545306,False,Alto,-0.04085988889652205,0.435,4,0.464,False,NS
403.59037426033365,Polygon,6090099740,-0.0110184499899277,,0.0,0.0,402.680513408141,3,0.344564188350295,,1.0,1.0,0.781521396116765,False,Alto,-1.55906768812688,0.003,4,0.027000000000000003,True,High-Low
592.1316246112316,MultiPolygon,6090119240,2.935547154357763,-0.011640532236873,3.183915342538872,17.762508477472064,593.3313753290407,4,0.9949291105562909,0.3513590736930744,0.8257388638412564,0.6489011376267065,0.705232046429332,False,Alto,0.3043083340904315,0.187,1,0.31282758620689655,False,NS
171.46156220710387,Polygon,6090118450,2.935547154357763,-0.0109911153230182,0.0,0.0,170.90976477809625,4,0.9949291105562909,0.3489871548090778,1.0,1.0,0.8359790663413422,False,Seguro,0.5155737844205385,0.227,1,0.3317647058823529,False,NS
2657.1874901808114,Polygon,6090114410,2.9585214998492173,,2.004544404823452,0.0,2658.099190555632,3,1.0,,0.8660544749345853,1.0,0.9553514916448616,False,Seguro,-2.2732452022987264,0.022,4,0.10559999999999999,False,NS
1470.7117025467678,MultiPolygon,6090107480,2.3823214407482314,-0.0041488131673808,0.0,0.0,1471.5347543282,4,0.872821325933022,0.3239964510766594,1.0,1.0,0.7992044442524203,False,Alto,1.221964089627423,0.037,1,0.14400000000000002,False,NS
26078.59130125122,MultiPolygon,6090000130,-0.488621744189257,-0.082429185057442,826.6054775970099,1.4149864929199218,26080.644404639574,4,0.239147757499763,0.609906300929792,0.181986469265358,0.8944146090005216,0.4813637841738586,True,Crítico (veto),0.2593955714812999,0.221,3,0.3317647058823529,False,NS
27239.42235670164,MultiPolygon,6090000150,-0.598797189806617,-0.0873767815250629,314.59001528648344,0.0,27238.609164135563,4,0.2148298719545647,0.6279768150195568,0.2993692943742205,1.0,0.5355439953370855,False,Medio,0.16056484566819346,0.166,3,0.30258227848101266,False,NS
58133.27961339133,MultiPolygon,6090000170,-0.3490838578761571,-0.0762067806760417,1432.8223849127955,2.3900722839355466,58135.41641922402,4,0.2699465106118285,0.5871797008963868,0.1150746307202578,0.8537995033893874,0.4565000864044651,True,Crítico (veto),0.2843873274955053,0.24,3,0.33283018867924524,False,NS
126.25754584022673,Polygon,6090000200,0.3702509041383545,-0.0147438255614167,0.0,0.0,126.05975490492465,4,0.4287178258838684,0.3626934875064964,1.0,1.0,0.6978528283475912,False,Alto,-0.4398529641494287,0.092,4,0.23242105263157894,False,NS
1178.8448826880208,Polygon,6090000140,-0.7500576855241832,-0.1356299392992516,40.227297684230365,0.0,1178.8272355921922,4,0.181443708624265,0.8042157975518998,0.5471819516825773,1.0,0.6332103644646856,True,Crítico (veto),-0.17124376412888645,0.1,4,0.24314754098360655,False,NS
14280.010516723692,Polygon,6090000160,-0.4895333273712847,-0.0967349677610839,590.0213635064817,0.0,14275.180881287908,4,0.238946553180949,0.662156489400717,0.2229793837021445,1.0,0.5310206065709526,False,Medio,0.1711432297425793,0.183,3,0.31282758620689655,False,NS
2738.8937887359425,Polygon,6090000180,0.3104002246560473,-0.0344621414972348,4.247805505371096,0.0,2740.903902372496,4,0.4155076049921113,0.4347123169071033,0.7981538106722488,1.0,0.6620934331428658,False,Alto,-0.21177987389896855,0.187,4,0.31282758620689655,False,NS
40188.63131005994,MultiPolygon,6090000210,0.4981315231123086,-0.0437658976879108,111.73672670431674,0.0,40188.999200636,4,0.456943591055339,0.4686931919504941,0.4247022265345795,1.0,0.5875847523851032,False,Medio,-0.0031006266498494776,0.342,2,0.3979842519685039,False,NS
200.785810941777,Polygon,6090034440,0.2137573998070269,,0.0,0.0,200.9994831060464,3,0.3941766347357693,,1.0,1.0,0.7980588782452566,False,Alto,1.2051755399147024,0.044,1,0.15839999999999999,False,NS
