HYBAS_ID,D1_raw,D2_raw,D4_raw,D5_raw,area_total_ha,n_indicadores_validos,D1_norm,D2_norm,D4_norm,D5_norm,ICSHM_EO,veto_activado,categoria,veto_tau_0.15,veto_tau_0.2,veto_tau_0.25,ICSHM_pesos_iguales,ICSHM_pesos_entropia,cat_iguales,cat_entropia,robustez
6090000100,-0.4840977671846752,-0.1454515026763711,82.35707733611453,0.0,4138.563943783199,4,0.2401462881105546,0.8400879024317667,0.4614626220869382,1.0,0.635424203157315,False,Alto,False,False,True,0.635424203157315,0.8770599661130254,Alto,Seguro,0
6090000130,-0.488621744189257,-0.082429185057442,826.6054775970099,1.4149864929199218,26080.644404639574,4,0.239147757499763,0.609906300929792,0.181986469265358,0.8944146090005216,0.4813637841738586,True,Crítico (veto),False,True,True,0.48136378417385867,0.7441479910274806,Medio,Alto,0
6090000140,-0.7500576855241832,-0.1356299392992516,40.227297684230365,0.0,1178.8272355921922,4,0.181443708624265,0.8042157975518998,0.5471819516825773,1.0,0.6332103644646856,True,Crítico (veto),False,True,True,0.6332103644646856,0.8667434754660264,Alto,Seguro,0
6090000150,-0.598797189806617,-0.0873767815250629,314.59001528648344,0.0,27238.609164135563,4,0.2148298719545647,0.6279768150195568,0.2993692943742205,1.0,0.5355439953370855,False,Medio,False,False,True,0.5355439953370855,0.8182817201407261,Medio,Seguro,0
6090000160,-0.4895333273712847,-0.0967349677610839,590.0213635064817,0.0,14275.180881287908,4,0.238946553180949,0.662156489400717,0.2229793837021445,1.0,0.5310206065709526,False,Medio,False,False,True,0.5310206065709526,0.8256049575911055,Medio,Seguro,0
6090000170,-0.3490838578761571,-0.0762067806760417,1432.8223849127955,2.3900722839355466,58135.41641922402,4,0.2699465106118285,0.5871797008963868,0.1150746307202578,0.8537995033893874,0.4565000864044651,True,Crítico (veto),True,True,True,0.45650008640446516,0.7128784688082775,Medio,Alto,0
6090000180,0.3104002246560473,-0.0344621414972348,4.247805505371096,0.0,2740.903902372496,4,0.4155076049921113,0.4347123169071033,0.7981538106722488,1.0,0.6620934331428658,False,Alto,False,False,False,0.6620934331428658,0.8080417245839335,Alto,Seguro,0
6090000200,0.3702509041383545,-0.0147438255614167,0.0,0.0,126.05975490492465,4,0.4287178258838684,0.3626934875064964,1.0,1.0,0.6978528283475912,False,Alto,False,False,False,0.6978528283475912,0.7995912491310406,Alto,Alto,1
6090000210,0.4981315231123086,-0.0437658976879108,111.73672670431674,0.0,40188.999200636,4,0.456943591055339,0.4686931919504941,0.4247022265345795,1.0,0.5875847523851032,False,Medio,False,False,False,0.5875847523851032,0.8056276502191195,Medio,Seguro,0
6090034390,1.7287677040699732,-0.0086845029610342,0.0,0.0,707.6968761550313,4,0.7285691754005412,0.340562524494209,1.0,1.0,0.7672829249736876,False,Alto,False,False,False,0.7672829249736876,0.8198129101565235,Alto,Seguro,0
6090034400,0.599013244354694,-0.0195696434500734,0.444078271484375,0.0,3723.639251734706,4,0.47921016903039,0.3803192196619612,0.9552586420331468,1.0,0.7036970076813744,False,Alto,False,False,False,0.7036970076813744,0.8064023330668968,Alto,Seguro,0
6090034410,0.464917405221001,,0.0,0.0,2010.2271262051936,3,0.4496125826546953,,1.0,1.0,0.8165375275515651,False,Seguro,False,False,False,0.8165375275515651,0.8284869746276471,Seguro,Seguro,1
6090034420,0.1381736284406046,,0.0,0.0,429.0238636290724,3,0.3774938113456412,,1.0,1.0,0.7924979371152138,False,Alto,False,False,False,0.7924979371152138,0.822355210324105,Alto,Seguro,0
6090034430,-0.0536847603161646,,0.0,0.0,450.1448883266636,3,0.335146895365134,,1.0,1.0,0.7783822984550447,False,Alto,False,False,False,0.7783822984550447,0.8187547426086799,Alto,Seguro,0
6090034440,0.2137573998070269,,0.0,0.0,200.9994831060464,3,0.3941766347357693,,1.0,1.0,0.7980588782452566,False,Alto,False,False,False,0.7980588782452566,0.8237736363328831,Alto,Seguro,0
6090078010,-0.0207030397813574,-0.1343001487013375,2683.1415372597635,7.790013745117186,47275.51356936393,4,0.3424266091031176,0.79935889382232,0.0387323427967253,0.7397031124756042,0.4800552395494418,True,Crítico (veto),True,True,True,0.48005523954944174,0.6937983301210533,Medio,Alto,0
6090078040,0.3104180398802575,-0.019100583213713,852.6050267883018,0.0,34542.29972997703,4,0.4155115371621233,0.3786060323263387,0.1782203493305496,1.0,0.4930844797047529,True,Crítico (veto),False,True,True,0.4930844797047529,0.7713800591060143,Medio,Alto,0
6090080550,0.3820845728675894,,0.0,0.0,220.9501710772139,3,0.4313297490771428,,1.0,1.0,0.8104432496923809,False,Seguro,False,False,False,0.8104432496923809,0.8269325107306122,Seguro,Seguro,1
6090081180,0.3959758370651284,,46.5225485781922,0.0,2567.499562163103,3,0.4343958240173529,,0.529880155246239,1.0,0.6547586597545306,False,Alto,False,False,False,0.6547586597545306,0.8095278155066065,Alto,Seguro,0
6090081280,0.5806558250238688,0.0084001247773085,1739.3613740611836,0.0,44090.85594480147,4,0.4751583259024519,0.2781629314221887,0.0914847874655186,1.0,0.4612015111975398,True,Crítico (veto),True,True,True,0.4612015111975398,0.7492619152103476,Medio,Alto,0
6090081290,0.5256557822935934,-0.1826908584545234,26.96259051300649,0.0,36267.532611675546,4,0.4630187358458711,0.9761002687770868,0.5944511561295004,1.0,0.7583925401881146,False,Alto,False,False,False,0.7583925401881145,0.9334110805924702,Alto,Seguro,0
6090082590,0.6678183868838168,-0.0514758031585296,23.3935470635388,0.0,5330.674339499646,4,0.4943968158514548,0.4968527147307676,0.6110766328424767,1.0,0.6505815408561748,False,Alto,False,False,False,0.6505815408561748,0.8225242386673564,Alto,Seguro,0
6090082720,0.7363739624125183,,0.0,0.0,105.8635656504216,3,0.5095283783321012,,1.0,1.0,0.8365094594440338,False,Seguro,False,False,False,0.8365094594440338,0.833581203640211,Seguro,Seguro,1
6090082800,0.6570276429250613,,0.0,0.0,482.734121392417,3,0.4920150866461298,,1.0,1.0,0.8306716955487099,False,Seguro,False,False,False,0.8306716955487099,0.8320921686102412,Seguro,Seguro,1
6090082810,0.942758403682862,,0.0,0.0,201.31364726406403,3,0.5550814795063171,,1.0,1.0,0.8516938265021058,False,Seguro,False,False,False,0.8516938265021058,0.8374542712843991,Seguro,Seguro,1
6090083710,0.5935984735350709,,216.6554371542544,0.0,26802.95759076701,3,0.4780150227225421,,0.344604910597635,1.0,0.6075399777733924,False,Alto,False,False,False,0.6075399777733924,0.8062744913379568,Alto,Seguro,0
6090083810,0.6764413450426447,,1081.3957207599508,0.0,14871.043650802332,3,0.4963000721386648,,0.1493080434446235,1.0,0.5485360385277628,True,Crítico (veto),True,True,True,0.5485360385277628,0.8004906023957226,Medio,Seguro,0
6090084000,0.7417954088045192,,3.562665002058441,0.0,487.93595874431145,3,0.5107249980699327,,0.8151876741546953,1.0,0.7753042240748759,False,Alto,False,False,False,0.7753042240748759,0.8267383734452689,Alto,Seguro,0
6090084140,0.9098957073376804,,1375.8987219493977,0.0,32085.925976951803,3,0.5478280367455393,,0.1200069396286092,1.0,0.5559449921247162,True,Crítico (veto),True,True,True,0.5559449921247162,0.8037706434801747,Medio,Seguro,0
6090084260,0.9850787499894936,,0.0,0.0,169.5735984977833,3,0.5644224114349434,,1.0,1.0,0.8548074704783145,False,Seguro,False,False,False,0.8548074704783145,0.838248466636346,Seguro,Seguro,1
6090084300,0.7857658324715641,-0.1020976729157284,1.4178944274902343,0.0,9481.927683116795,4,0.5204301344922773,0.6817431391387172,0.8925031129835096,1.0,0.773669096653626,False,Alto,False,False,False,0.773669096653626,0.8793622918008275,Alto,Seguro,0
6090084310,0.6840225714307875,-0.0385966526143163,25.4560897183048,0.0,29652.59624456692,4,0.4979733977564197,0.4498131324009419,0.6011940781838587,1.0,0.6372451520853051,False,Alto,False,False,False,0.6372451520853051,0.8112499278165506,Alto,Seguro,0
6090085920,1.0023298763326791,-0.0357448772248166,938.0037307246158,0.0,63767.72154067925,4,0.5682300739643631,0.4393973582580722,0.1666109317635251,1.0,0.5435595909964901,True,Crítico (veto),False,True,True,0.5435595909964901,0.798411797498693,Medio,Alto,0
6090086020,0.5538863553742176,-0.0064472315657008,1.3298495910644532,0.0,8121.003273740284,4,0.4692497779914525,0.3323911539031386,0.897019406776051,1.0,0.6746650846676605,False,Alto,False,False,False,0.6746650846676605,0.7919483205094312,Alto,Alto,1
6090086490,1.3789816341543597,-0.1567430025445292,2.8450057537482776,0.0,1009.9542011879644,4,0.6513645172677826,0.8813287774298533,0.8360237763726559,1.0,0.8421792677675729,False,Seguro,False,False,False,0.8421792677675729,0.9359231940679757,Seguro,Seguro,1
6090086720,0.6726154496266323,-0.1269860567442271,17.111641992187515,0.0,4339.19430599167,4,0.4954556218501893,0.7726450333387964,0.6473307680918989,1.0,0.7288578558202212,False,Alto,False,False,False,0.7288578558202212,0.8896833308947134,Alto,Seguro,0
6090086730,0.9889000792566464,-0.1079478832692107,986.3308265325842,0.0,23175.17779868765,4,0.5652658538846511,0.7031103442680241,0.1605005841522776,1.0,0.6072191955762382,True,Crítico (veto),False,True,True,0.6072191955762382,0.8607590690480141,Alto,Seguro,0
6090087020,0.6703351009305055,-0.0767722443597781,0.0,0.0,963.9952217902488,4,0.4949523040892778,0.5892449904831754,1.0,1.0,0.7710493236431133,False,Alto,False,False,False,0.7710493236431133,0.8591979932059347,Alto,Seguro,0
6090087030,0.6472944623176036,0.0025823183042683,0.0,0.0,424.9523230285362,4,0.4898667824511558,0.2994117851899963,1.0,1.0,0.6973196419102881,False,Alto,False,False,False,0.6973196419102881,0.7897136314899941,Alto,Alto,1
6090087090,0.7904903852351982,-0.107518042140648,3321.003144504766,0.0,36742.1337922932,4,0.52147293611395,0.7015404001101111,0.0127733836755661,1.0,0.5589466799749068,True,Crítico (veto),True,True,True,0.5589466799749068,0.8511105754584611,Medio,Seguro,0
6090087140,0.856736436664083,-0.1351434108878244,368.1907305015199,0.0,12185.798489443929,4,0.5360947412488603,0.8024388097617063,0.2802696993060469,1.0,0.6547008125791534,False,Alto,False,False,False,0.6547008125791534,0.8864440717098001,Alto,Seguro,0
6090087200,0.873493954944984,-0.119177021288362,125.17027638983028,0.0,12163.409364899504,4,0.5397934547806558,0.7441234499485206,0.4109954277287259,1.0,0.6737280831144756,False,Alto,False,False,False,0.6737280831144756,0.877777265960489,Alto,Seguro,0
6090087210,1.4705107457265807,-0.0394770009677991,3688.454987185459,0.0,66044.30639544786,4,0.6715667905310754,0.4530285012026667,0.0,1.0,0.5311488229334356,True,Crítico (veto),True,True,True,0.5311488229334356,0.8041847635025212,Medio,Seguro,0
6090087230,0.6309737774058872,-0.121323692443215,141.20380119528377,0.0,2592.003163708258,4,0.4862644866267236,0.7519639138189536,0.396430050264749,1.0,0.6586646126776066,False,Alto,False,False,False,0.6586646126776066,0.8745467207555567,Alto,Seguro,0
6090087240,0.8115867937151185,-0.0909986222267694,1487.072112621404,0.0,20935.970822398616,4,0.5261293279620136,0.6412051621289852,0.1105529619977121,1.0,0.5694718630221778,True,Crítico (veto),True,True,True,0.5694718630221778,0.8408059683362948,Medio,Seguro,0
6090087250,0.6711644592189319,0.0131888764832468,0.0,0.0,124.278517021951,4,0.4951353597585416,0.2606725791388397,1.0,1.0,0.6889519847243453,False,Alto,False,False,False,0.6889519847243453,0.7809320717461765,Alto,Alto,1
6090087310,0.7623116151739985,0.0034807174152863,1205.4041564298632,0.0,50143.06907563306,4,0.5152533279125673,0.2961304881197667,0.1361016354884349,1.0,0.4868713628801922,True,Crítico (veto),True,True,True,0.4868713628801922,0.758628177555473,Medio,Alto,0
6090087590,0.657398856817209,-0.0950346570376081,451.1731734076057,0.0,94742.60391556224,4,0.4920970208456372,0.6559463044984866,0.2555837062501974,1.0,0.6009067578985803,False,Alto,False,False,False,0.6009067578985803,0.8468741963092425,Alto,Seguro,0
6090087630,0.3679433490587933,-0.1892344589956142,238.7625640181953,0.0,34015.86005522212,4,0.4282085031395893,1.0,0.3328268621604507,1.0,0.69025884132501,False,Alto,False,False,False,0.6902588413250099,0.9263145683623388,Alto,Seguro,0
6090088090,1.819851134922656,-0.0202075807400021,1176.219079454056,2.395219329833984,17915.193731246218,4,0.7486730781724172,0.3826492105699679,0.1390833134451272,0.8536178239836697,0.5310058565427955,True,Crítico (veto),True,True,True,0.5310058565427955,0.7056385072967396,Medio,Alto,0
6090088100,1.9606295825204223,-0.0242874139256421,156.89491300831511,0.0,4374.822478542712,4,0.7797456475342222,0.3975503213512296,0.3836861718453647,1.0,0.6402455351827041,False,Alto,False,False,False,0.6402455351827041,0.8145824652335399,Alto,Seguro,0
6090088110,1.8480846819563228,0.0077341370310852,1.274303435752719,0.0,740.6610993065832,4,0.7549047767278666,0.280595373322109,0.8999573346121439,1.0,0.7338643711655299,False,Alto,False,False,False,0.7338643711655299,0.8040057975127799,Alto,Seguro,0
6090088150,2.0010759585539013,-0.0118889030160934,70.35635909024106,0.0,2844.6877290515663,4,0.7886729574043011,0.3522662187471953,0.4803890341306204,1.0,0.6553320525705292,False,Alto,False,False,False,0.6553320525705292,0.8081864180832515,Alto,Seguro,0
6090088160,1.9969367304813364,0.0056411630734169,311.50000775788,0.35478486328125,21521.44863637066,4,0.7877593484422489,0.2882397144964698,0.3005672947229755,0.9636379048976682,0.5850510656398406,False,Medio,False,False,False,0.5850510656398406,0.7628566059345054,Medio,Alto,0
6090088240,1.751653356841151,-0.0673909867732003,533.7174605805494,0.0,18336.021224641736,4,0.7336204886182748,0.5549810507080941,0.2351686952652838,1.0,0.6309425586479132,False,Alto,False,False,True,0.6309425586479132,0.8425874605181674,Alto,Seguro,0
6090088570,1.141554703885092,,0.0,0.0,198.5988948355566,3,0.5989597288570507,,1.0,1.0,0.866319909619017,False,Seguro,False,False,False,0.866319909619017,0.8411849377695195,Seguro,Seguro,1
6090089030,0.7066889425311855,,561.5442814847115,0.0,15354.956086595965,3,0.5029763112010249,,0.2289919131200211,1.0,0.5773227414403487,False,Medio,False,False,True,0.5773227414403487,0.8040524652760032,Medio,Seguro,0
6090089070,0.4900014648494248,-0.0459724950884086,77.65181024337474,0.0,8998.559167784106,4,0.455149127459528,0.4767525293837484,0.468536920807022,1.0,0.6001096444125746,False,Alto,False,False,False,0.6001096444125746,0.8090423418872864,Alto,Seguro,0
6090089340,1.8348623326721445,-0.0446152516468853,53.04643444618372,0.0,15481.700904050958,4,0.7519863444516951,0.4717953573722885,0.5142177172231817,1.0,0.6844998547617913,False,Alto,False,False,False,0.6844998547617913,0.8348158580903973,Alto,Seguro,0
6090089410,0.2286387346280948,,0.0,0.0,361.05714152652473,3,0.397461237715233,,1.0,1.0,0.7991537459050777,False,Alto,False,False,False,0.7991537459050777,0.8240529035879293,Alto,Seguro,0
6090089420,1.250624200238039,-0.0221327144648701,544.9510137931996,0.0,36663.3406883415,4,0.6230335096702002,0.3896805350378336,0.2326373224839418,1.0,0.561337841797994,False,Medio,False,False,True,0.561337841797994,0.7937074894173737,Medio,Alto,0
6090090070,0.3838928221369295,,71.14771195068349,0.0,15086.726000588433,3,0.4317288652188803,,0.4790461882998533,1.0,0.6369250178395779,False,Alto,False,False,False,0.6369250178395779,0.8073909079365452,Alto,Seguro,0
6090090180,0.2365830069011323,-0.1160363872228279,175.41644989013724,0.0,32516.546515930004,4,0.3992146946928118,0.732652653471192,0.3701814198786848,1.0,0.6255121920106721,False,Alto,False,False,False,0.6255121920106721,0.8615582914087277,Alto,Seguro,0
6090090190,0.3657279846560629,-0.0856718620943946,43.42966135055232,0.0,3907.243075570897,4,0.4277195286890244,0.621749797356449,0.5380738838394739,1.0,0.6468858024712368,False,Alto,False,False,False,0.6468858024712368,0.8438683414290911,Alto,Seguro,0
6090090250,0.3655645851726816,,216.44499910756969,0.0,62101.23492331343,3,0.4276834632126131,,0.3447226849094004,1.0,0.5908020493740045,False,Medio,False,False,False,0.5908020493740045,0.8019995696948465,Medio,Seguro,0
6090090330,1.1517573349633743,-0.0055206171065081,2572.14378611673,0.0,47709.93794974713,4,0.601211649994572,0.3290068035928005,0.0438743534683955,1.0,0.493523201763942,True,Crítico (veto),True,True,True,0.49352320176394204,0.7703037532664336,Medio,Alto,0
6090090400,0.1655551860491672,-0.0186895395747632,345.2061387599581,0.0,76337.3345287997,4,0.3835374590953114,0.3771047437880028,0.2880959734276161,1.0,0.5121845440777326,False,Medio,False,False,False,0.5121845440777326,0.7724325683791635,Medio,Alto,0
6090090600,0.1968780273825508,,0.0,0.0,390.5786125643493,3,0.3904510256003296,,1.0,1.0,0.7968170085334432,False,Alto,False,False,False,0.7968170085334432,0.823456873350223,Alto,Seguro,0
6090090970,1.4031828691115544,-0.0348825033834695,1140.7350154655055,1.1532519958496097,45123.44060354556,4,0.656706205322174,0.4362476392474995,0.1428097256988738,0.9081519975337524,0.5359788919505749,True,Crítico (veto),True,True,True,0.535978891950575,0.7455845937171511,Medio,Alto,0
6090091010,1.3509191801457114,-0.0055828982496867,253.73160809277795,0.0,11166.0367741194,4,0.6451705823045445,0.3292342781418468,0.3254532312201375,1.0,0.5749645229166322,False,Medio,False,False,False,0.5749645229166322,0.7846761781591072,Medio,Alto,0
6090091080,0.6749914510544188,-0.0207963052122757,8.529296208424288,0.0,4433.339449983092,4,0.4959800520483373,0.3847994574506165,0.7255197090888497,1.0,0.6515748046469508,False,Alto,False,False,False,0.6515748046469508,0.8002628176863776,Alto,Seguro,0
6090091120,-0.1373494313619334,-0.0040379194385374,226.7574120272998,0.0,57231.04286283208,4,0.3166804586444361,0.3235914247769914,0.3390811630489621,1.0,0.4948382616175974,False,Medio,False,False,False,0.49483826161759736,0.7559146100591473,Medio,Alto,0
6090091200,-0.2067631043862326,-0.0328385409727262,437.1714114707573,0.0,72504.65410617279,4,0.3013594971868429,0.4287823069828319,0.2594135069300314,1.0,0.4973888277749265,False,Medio,False,False,False,0.49738882777492655,0.7766797972447408,Medio,Alto,0
6090091210,0.428533270049327,0.0106567864617613,264.1151476847812,5.768582855224611,28194.373723198514,4,0.4415818891566299,0.2699207400810777,0.3205886702618246,0.770997487903152,0.450772196850671,False,Medio,False,False,False,0.45077219685067105,0.606684649912959,Medio,Alto,0
6090091460,0.7385348367097004,-0.0989862614977727,17.687465627728642,0.0,7090.70582021485,4,0.5100053257457648,0.6703790749440761,0.6435200796057821,1.0,0.7059761200739058,False,Alto,False,False,False,0.7059761200739058,0.8664126135765289,Alto,Seguro,0
6090091540,0.0380808192862217,-0.0410543870847781,365.2449698163673,3.7275347839355457,33547.99928755753,4,0.3554013617687444,0.4587897184398467,0.2812450726311994,0.8139753555282273,0.4773528770920044,False,Medio,False,False,False,0.47735287709200447,0.6703458873854167,Medio,Alto,0
6090091820,0.2144674001462586,,7.630944012451173,0.0,25747.50264010679,3,0.3943333457605331,,0.7375754934597296,1.0,0.7106362797400876,False,Alto,False,False,False,0.7106362797400876,0.813926008242218,Alto,Seguro,0
6090091830,0.7246202719787501,-0.0876026346944387,2.741187006907743,0.0,2418.577280489123,4,0.5069341079200282,0.6288017171525688,0.8393564656269762,1.0,0.7437730726748933,False,Alto,False,False,False,0.7437730726748933,0.8636046107032007,Alto,Seguro,0
6090091860,0.2250433319493009,,6.124510156250002,0.0,34734.3742592354,3,0.3966676617025207,,0.7609296207153735,1.0,0.7191990941392982,False,Alto,False,False,False,0.7191990941392982,0.8150020417075234,Alto,Seguro,0
6090091910,-0.6288358206549409,-0.0057822988518557,426.0344889816224,0.0,100044.4937146511,4,0.2081997559354206,0.3299625653848715,0.2625481313314581,1.0,0.4501776131629376,False,Medio,False,False,True,0.45017761316293753,0.7453333160514463,Medio,Alto,0
6090092270,0.4953135827560565,0.0214611364394529,1402.6628075378712,4.259358294677732,60739.77985718189,4,0.4563216162525819,0.230459122752268,0.1176629854849004,0.8012090788051415,0.4014132008237229,True,Crítico (veto),True,True,True,0.40141320082372295,0.6102208763410122,Medio,Alto,0
6090092360,-0.100235830388664,0.0007894381012738,136.8272419972372,0.0,7758.6564073339905,4,0.324872159577261,0.3059600692268008,0.4002361291996351,1.0,0.5077670895009243,False,Medio,False,False,False,0.5077670895009242,0.7547084512914376,Medio,Alto,0
6090093290,-0.4889794072605428,0.0023682556978187,199.24930123571173,0.0,23484.08482743425,4,0.2390688142326626,0.3001936236788978,0.3547531849704142,1.0,0.4735039057204936,False,Medio,False,False,True,0.4735039057204936,0.7443302590258554,Medio,Alto,0
6090093300,-0.2836039839639299,-0.0317992665560765,683.7569686554325,0.0,36142.23873282025,4,0.2843992053151631,0.4249864794305839,0.2050556499161399,1.0,0.4786103336654717,False,Medio,False,False,True,0.4786103336654717,0.7722908651314893,Medio,Alto,0
6090094190,-0.7785833266499839,-0.0955314725969289,603.506405647046,0.0,42811.3589245364,4,0.1751475391636958,0.6577608648862374,0.2202325848513145,1.0,0.513285247225312,True,Crítico (veto),False,True,True,0.513285247225312,0.8190301049093981,Medio,Seguro,0
6090094200,-0.771538703288937,-0.0048930196946465,243.62703448737724,1.953704943847656,25109.9673479469,4,0.1767024259503391,0.3267145778731071,0.3303813424878089,0.8703003712689774,0.4260246793950581,True,Crítico (veto),False,True,True,0.42602467939505817,0.6615324762996938,Medio,Alto,0
6090094660,-0.124077810727084,-0.0290286832487064,209.99718250107804,0.0,40487.17151090762,4,0.3196097660757709,0.4148672498166995,0.3483876432529781,1.0,0.5207161647863622,False,Medio,False,False,False,0.5207161647863621,0.7782595900645639,Medio,Alto,0
6090094710,-0.5299738327455865,-0.0043361656362674,48.932562460291294,0.0,17141.910965233834,4,0.2300205390806957,0.3246807339301468,0.5238570663167073,1.0,0.5196395848318874,False,Medio,False,False,True,0.5196395848318874,0.755749238572961,Medio,Alto,0
6090096230,-0.55653603168517,-0.0059993604602125,378.55065586248656,0.0,21262.649866028474,4,0.2241577398878073,0.3307553573754529,0.2769001772586092,1.0,0.4579533186304674,False,Medio,False,False,True,0.45795331863046734,0.7474182918161302,Medio,Alto,0
6090096290,-0.7900507974611559,-0.013881802735679,134.42716012889184,1.3320611755371097,21531.86192392258,4,0.1726164430458958,0.3595450505391455,0.402375006421014,0.8985989187400808,0.458283854686534,True,Crítico (veto),False,True,True,0.458283854686534,0.6897992107277678,Medio,Alto,0
6090096440,0.1079483972299262,-0.0124599856736669,54.9501885536104,0.0,38696.751693967664,4,0.3708225089602518,0.3543520309749384,0.5100027842913342,1.0,0.5587943310566311,False,Medio,False,False,False,0.5587943310566311,0.7742691768160823,Medio,Alto,0
6090096470,-0.5795871795676492,-0.0212605884652528,0.0,0.0,116.55951837420244,4,0.2190698986474061,0.3864951974163698,1.0,1.0,0.651391274015944,False,Alto,False,False,True,0.651391274015944,0.7874370171136897,Alto,Alto,1
6090096570,0.0114819521910366,-0.0319000042413014,11.812719195556642,0.0,15422.446618558995,4,0.3495304691934686,0.4253544119756368,0.6894720938707267,1.0,0.6160892437599581,False,Alto,False,False,False,0.616089243759958,0.7961187849450886,Alto,Alto,1
6090096580,-0.6309859537058128,-0.0028933394376238,50.00122927856444,0.0,18991.40421356438,4,0.2077251793258587,0.3194109809657931,0.5212787407001871,1.0,0.5121037252479598,False,Medio,False,False,True,0.5121037252479597,0.7525012287246435,Medio,Alto,0
6090097140,-0.8644714854742905,-0.0252824790279469,119.06483218520232,0.0,24444.02403501004,4,0.1561903350037863,0.4011846795833751,0.4170345262487387,1.0,0.493602385208975,True,Crítico (veto),False,True,True,0.49360238520897504,0.763684820391757,Medio,Alto,0
6090097150,-0.8379135708301394,-0.0444763900930586,367.99543585604494,0.1776235900878906,14635.941213153672,4,0.162052188568496,0.4712881818818512,0.2803341222017829,0.9804205777064824,0.4735237675896531,True,Crítico (veto),False,True,True,0.4735237675896531,0.7632342309729278,Medio,Alto,0
6090097170,-0.9732669585238902,-0.01013600760255,96.4742176079484,0.0,27486.35888792534,4,0.1321770365176215,0.3458639744502687,0.442413561619085,1.0,0.4801136431467439,True,Crítico (veto),True,True,True,0.4801136431467438,0.7494167777253766,Medio,Alto,0
6090097200,-0.9700626388150686,-0.0938949176784058,520.2143080615945,0.3552977844238281,40854.866680766994,4,0.132884292834968,0.6517835405617123,0.2382828399766726,0.963592575059958,0.4966358121083277,True,Crítico (veto),True,True,True,0.49663581210832775,0.7914210087883449,Medio,Alto,0
6090097240,0.2794509024702173,-0.0847911712169281,29.935756311035167,0.0,5417.51697530467,4,0.4086764815017618,0.6185331775261663,0.5821484367620248,1.0,0.6523395239474883,False,Alto,False,False,False,0.6523395239474882,0.8431390511693138,Alto,Seguro,0
6090097270,0.1011960324131334,-0.0349372558164604,4.796839318847656,0.0,10184.79165413677,4,0.3693321293765425,0.4364476160682218,0.7860388711208119,1.0,0.6479546541413941,False,Alto,False,False,False,0.6479546541413941,0.8040739359551495,Alto,Seguro,0
6090097280,-0.8758726900020051,-0.0572719237565577,266.0373945995139,0.0,32907.718538972695,4,0.1536738651567274,0.5180223633911014,0.3197090591275059,1.0,0.4978513219188337,True,Crítico (veto),False,True,True,0.4978513219188337,0.7876499886353603,Medio,Alto,0
6090097490,-0.7868539798556298,-0.0517247287682127,215.44337944216187,0.7994062438964842,37512.100134386565,4,0.1733220435016457,0.4977618862378863,0.3452848209031308,0.929650341569532,0.4865047730530487,True,Crítico (veto),False,True,True,0.48650477305304873,0.740490366380831,Medio,Alto,0
6090097540,-0.2798406669837902,0.0001190736367583,62.92560910977231,0.0,39684.45444735778,4,0.2852298433133172,0.3084084965754302,0.4937779641506212,1.0,0.5218540760098422,False,Medio,False,False,False,0.5218540760098421,0.7554362279825253,Medio,Alto,0
6090098020,0.5970946553923399,-0.0228154424544928,106.86023457641596,0.7106705810546875,51535.35205129623,4,0.4787866987504798,0.3921741187075395,0.4300860964375729,0.9357064021781756,0.559188329018442,False,Medio,False,False,False,0.5591883290184418,0.7483632032517222,Medio,Alto,0
6090098040,0.6180957595964529,-0.0420716179494763,19.961642971023863,0.0,9419.480914556714,4,0.48342205507236,0.4625050345116749,0.6295376178609204,1.0,0.6438661768612388,False,Alto,False,False,False,0.6438661768612388,0.814101584674596,Alto,Seguro,0
6090099040,0.7582295496053599,-0.0257300809908585,18.33005453220739,0.7996740417480468,20739.08414116736,4,0.5143523358382454,0.4028194930994599,0.6394037835893794,0.9296325205868522,0.6215520332784842,False,Alto,False,False,False,0.6215520332784842,0.7579065881583112,Alto,Alto,1
6090099070,0.8819762397544572,-0.1202815445549415,11.374466595458982,0.0,6829.85046776399,4,0.5416656616957511,0.748157591249619,0.6937095429022202,1.0,0.7458831989618976,False,Alto,False,False,False,0.7458831989618976,0.8895209314482893,Alto,Seguro,0
6090099360,0.879438456402861,-0.0205111113779828,27.45507906494143,0.0,40420.96312507553,4,0.5411055230483708,0.3837578205195064,0.5923254274777006,1.0,0.6292971927613944,False,Alto,False,False,False,0.6292971927613944,0.7988464062532443,Alto,Alto,1
6090099410,0.0526280014199659,-0.0330185977398285,16.439860766601562,0.0,78535.5416362006,4,0.3586122106847736,0.4294399431437786,0.6519326703985924,1.0,0.6099962060567862,False,Alto,False,False,False,0.6099962060567862,0.7964537157344562,Alto,Alto,1
6090099560,0.0301889232002045,,0.0,0.0,254.30992785298173,3,0.3536594652447141,,1.0,1.0,0.7845531550815714,False,Alto,False,False,False,0.7845531550815714,0.8203287394072108,Alto,Seguro,0
6090099640,-0.6716278745813019,-0.1050217124307798,163.52582818280388,0.0,21844.373756310782,4,0.1987547088671358,0.6924228494994075,0.3786774427896968,1.0,0.56746375028906,True,Crítico (veto),False,True,True,0.56746375028906,0.835249162010296,Medio,Seguro,0
6090099730,-0.3560477166966059,-0.0492299915628871,648.7399047559552,0.0,53564.89379353362,4,0.268409450146135,0.488650152062691,0.2114467802038596,1.0,0.4921265956031714,False,Medio,False,False,True,0.4921265956031714,0.786339218489303,Medio,Alto,0
6090099740,-0.0110184499899277,,0.0,0.0,402.680513408141,3,0.344564188350295,,1.0,1.0,0.781521396116765,False,Alto,False,False,False,0.781521396116765,0.8195554304173358,Alto,Seguro,0
6090100470,1.1367266299928125,-0.0102045080723538,44.52240821942495,0.0,40690.93949538688,4,0.5978940780883308,0.3461141643582059,0.5351155609477991,1.0,0.619780950848584,False,Alto,False,False,False,0.619780950848584,0.7925565111914485,Alto,Alto,1
6090100580,1.2005297682903018,-0.0312180698854662,31.062019232608574,0.0,5856.4761070680615,4,0.6119766842974436,0.4228637269599811,0.577794554852279,1.0,0.6531587415274259,False,Alto,False,False,False,0.6531587415274259,0.8136429539376394,Alto,Seguro,0
6090101450,-0.6874164625953204,0.0320141164608016,317.4757791190128,0.0,25103.81931840908,4,0.1952698572825221,0.1919156046192124,0.2982610251906106,1.0,0.4213616217730863,True,Crítico (veto),False,True,True,0.4213616217730863,0.7126866214664793,Medio,Alto,0
6090101460,-1.0364136580052723,-0.0909889083079874,451.1261622862568,0.0,22959.30038648767,4,0.1182393192527565,0.6411696831833262,0.2555963653900277,1.0,0.5037513419565276,True,Crítico (veto),True,True,True,0.5037513419565276,0.8115676268048362,Medio,Seguro,0
6090101810,0.9548733716950172,-0.0151316346779301,31.73324098510742,0.0,43237.46443277505,4,0.5577554909782245,0.3641099146848157,0.5752719215912149,1.0,0.6242843318135638,False,Alto,False,False,False,0.6242843318135638,0.7949401702227407,Alto,Alto,1
6090101820,0.2557554467264123,-0.0113896948075372,0.0,0.0,149.38569977014157,4,0.4034464288571791,0.3504429194895704,1.0,1.0,0.6884723370866874,False,Alto,False,False,False,0.6884723370866874,0.7945239310454818,Alto,Alto,1
6090101880,1.2786213131558402,-0.0113209329502521,9.502666790149162,0.0,11000.670860682869,4,0.6292130225708843,0.3501917748946057,0.7136780472301871,1.0,0.6732707111739193,False,Alto,False,False,False,0.6732707111739193,0.8029005502736901,Alto,Seguro,0
6090101900,-0.5375677800100704,-0.0510498410890272,590.9622531184269,0.888857666015625,63237.5279428242,4,0.2283444057155959,0.4952969383797611,0.2227857076904892,0.9238404700635808,0.4675668804623567,False,Medio,False,False,True,0.4675668804623567,0.7362648068342712,Medio,Alto,0
6090101910,-0.7994536652991105,,6.979133114253026,0.0,634.5337820085153,3,0.1705410453690473,,0.7471361747829554,1.0,0.6392257400506676,True,Crítico (veto),False,True,True,0.6392257400506676,0.7952577398223499,Alto,Alto,1
6090101970,1.738523502913924,-0.0188559302202308,33.656623317823176,0.0,29495.435805719,4,0.7307224718847063,0.3777124660472866,0.5683200009627072,1.0,0.669188734723675,False,Alto,False,False,False,0.669188734723675,0.8126259090765715,Alto,Seguro,0
6090101980,0.249479594732536,-0.0345782747775622,0.2666795959472656,0.0,15474.18831426592,4,0.4020612250158828,0.4351364800522145,0.9712173079951812,1.0,0.7021037532658196,False,Alto,False,False,False,0.7021037532658196,0.8135026194716831,Alto,Seguro,0
6090102970,-0.1716486399241505,-0.1190791085548124,49.70597955578375,93.97659439460328,53796.30542736826,4,0.3091099494131537,0.7437658352071498,0.5219856354894439,0.4546894702784436,0.5073877225970478,False,Medio,False,False,False,0.5073877225970477,0.51371224550971,Medio,Medio,1
6090103010,0.5165353612189679,-0.0360449531801501,26.30851191365557,392.7166319286395,17138.516700378266,4,0.4610056797191273,0.4404933503856317,0.5973329829927267,0.2844007090860309,0.4458081805458792,False,Medio,False,False,False,0.4458081805458791,0.3483637153829373,Medio,Bajo,0
6090103640,1.4968787612731882,-0.0176607699021477,31.473417346191432,0.0,35840.05581929174,4,0.6773867296338709,0.3733472835776189,0.5762422188691567,1.0,0.6567440580201617,False,Alto,False,False,False,0.6567440580201617,0.8073488319249931,Alto,Seguro,0
6090103670,1.1516741785003015,-0.0507211260332017,12.53730842285156,0.0,16194.226965505752,4,0.6011932957293361,0.4940963453066018,0.6827742333490898,1.0,0.694515968596257,False,Alto,False,False,False,0.694515968596257,0.8336418463882279,Alto,Seguro,0
6090103840,0.777312190581693,-0.0353798642941245,0.0,0.0,679.485947295815,4,0.5185642496323063,0.4380641914668465,1.0,1.0,0.7391571102747883,False,Alto,False,False,False,0.7391571102747883,0.8251871397901198,Alto,Seguro,0
6090103890,-0.3678228673442704,-0.1027892450064688,62.685625140380886,71.67022203369143,76758.79806799848,4,0.2658104430432106,0.6842690248473837,0.4942359052613343,0.4867471806007406,0.4827656384381673,False,Medio,False,False,False,0.48276563843816733,0.5153028879703613,Medio,Medio,1
6090104920,1.4836642762397585,-0.0140826688061853,57.97750673217775,0.0,29373.940227941708,4,0.6744700331523543,0.3602786902328826,0.5035870016131385,1.0,0.6345839312495939,False,Alto,False,False,False,0.6345839312495939,0.8012571712766876,Alto,Seguro,0
6090104930,0.1380188644427943,-0.0123647858779177,5.15784180908203,53.64085267563766,9404.874489479002,4,0.3774596518905632,0.3540043249197483,0.7786832379675501,0.5208947102061884,0.5077604812460125,False,Medio,False,False,False,0.5077604812460125,0.4786249789378168,Medio,Medio,1
6090105130,0.8729884545554716,-0.0097691331571592,9.248976849365231,0.0,7488.678723779154,4,0.539681880912755,0.3445240086955843,0.7166551112982879,1.0,0.6502152502266568,False,Alto,False,False,False,0.6502152502266568,0.7940498688393819,Alto,Alto,1
6090105140,0.7499945908866479,-0.0234209058346559,12.450992504882828,117.03612274160322,12946.192687543373,4,0.5125347186507772,0.3943855024801806,0.6835530453379774,0.4286599505507307,0.5047833042549165,False,Medio,False,False,False,0.5047833042549165,0.4372034016261255,Medio,Medio,1
6090105890,-1.1333909601987695,,6.25304367283242,0.0,979.7684972821404,3,0.0968345232747678,,0.7587526190784788,1.0,0.6185290474510822,True,Crítico (veto),True,True,True,0.6185290474510822,0.7894274834093169,Alto,Alto,1
6090105910,2.001578121988875,-0.0077789826087727,5.070142449951175,0.0,20030.133503934245,4,0.7887837947407715,0.3372552179280412,0.7804297226993298,1.0,0.7266171838420357,False,Alto,False,False,False,0.7266171838420357,0.8158939421606504,Alto,Seguro,0
6090105950,1.5587858871053073,-0.0179865859464221,13.252034326171886,0.0,12945.643312801578,4,0.6910508486395349,0.3745372883521116,0.6765099292447891,1.0,0.6855245165591088,False,Alto,False,False,False,0.6855245165591088,0.8125618070710339,Alto,Seguro,0
6090106510,-1.3959451756340922,,88.29880098697451,0.0,2179.6239315180824,3,0.0388836493337642,,0.453079256395416,1.0,0.4973209685763933,True,Crítico (veto),True,True,True,0.49732096857639335,0.7730142323874729,Medio,Alto,0
6090106870,1.422226202034149,0.0209640651931089,0.4622078325338925,30.04615666463216,1020.5348841908226,4,0.660909443056461,0.2322746170067935,0.953739598028091,0.5885918478546714,0.6088788764865043,False,Alto,False,False,True,0.6088788764865043,0.5235698189547313,Alto,Medio,0
6090106880,-0.1049995255236083,-0.0608448053054655,454.9238927222649,408.7446841612108,43915.842809623005,4,0.3238207184651812,0.5310718929542197,0.2545779318904595,0.2796222321934656,0.3472731938758315,False,Bajo,False,False,False,0.3472731938758315,0.3423462524868672,Bajo,Bajo,1
6090106970,1.738951335161404,0.0017295255965031,6.299119740062041,222.59791336468896,15844.85935646732,4,0.7308169028676578,0.3025265102372332,0.7579816000621294,0.3521547574310062,0.5358699426495066,False,Medio,False,False,False,0.5358699426495066,0.38777549326684546,Medio,Bajo,0
6090106980,0.8860473864146567,-0.0795694637206989,243.3551949392058,136.22243596935806,41670.85577337119,4,0.5425642437524489,0.5994615051493337,0.3305167165328664,0.4106236612552589,0.470791531672477,False,Medio,False,False,False,0.470791531672477,0.46382164192362674,Medio,Medio,1
6090107480,2.3823214407482314,-0.0041488131673808,0.0,0.0,1471.5347543282,4,0.872821325933022,0.3239964510766594,1.0,1.0,0.7992044442524203,False,Alto,False,False,False,0.7992044442524203,0.8281308587343564,Alto,Seguro,0
6090107630,-0.8600613877592317,-0.0168680927395461,161.6395000669952,19.0322372253418,32458.099915694045,4,0.1571637302179105,0.3704521234874277,0.3800814540014621,0.6410594546141418,0.3871891905802355,True,Crítico (veto),False,True,True,0.3871891905802355,0.5256390611612258,Bajo,Medio,0
6090107760,-0.7570412342663054,-0.0501035730542472,18.992957055520453,0.0,28238.02528712297,4,0.179902302205996,0.4918408056965294,0.6352983423137408,1.0,0.5767603625540666,True,Crítico (veto),False,True,True,0.5767603625540665,0.7955010174123899,Medio,Alto,0
6090108090,-0.1423063379494077,-0.1175757258812204,27.22121961059573,0.0,14463.049553364948,4,0.3155863719686166,0.7382749068415799,0.593330209172487,1.0,0.661797871995671,False,Alto,False,False,False,0.661797871995671,0.8641725500252293,Alto,Seguro,0
6090108220,1.6418892877827476,0.0011648625056948,2.837851090375115,21.896274871108123,2290.4084840706023,4,0.7093934019622539,0.3045888757525292,0.8362505446952249,0.6250567058823405,0.6188223820730872,False,Alto,False,False,False,0.6188223820730872,0.5638125767839849,Alto,Medio,0
6090108230,-0.6286556219121247,-0.1389910791910157,25.97704731445313,0.0,7334.430106422981,4,0.2082395293384564,0.8164919656204326,0.5988198565268164,1.0,0.6558878378714263,False,Alto,False,False,True,0.6558878378714263,0.8738868673859286,Alto,Seguro,0
6090108280,2.5073034790345496,-0.0308534455490711,84.68331479492193,1.4234939514160156,52547.83897254663,4,0.9004073173961996,0.421531979463713,0.4581113725373901,0.8939934875243213,0.668511039230406,False,Alto,False,False,False,0.668511039230406,0.7655972851848287,Alto,Alto,1
6090108730,2.608399864808618,0.0845594376829109,257.5253461329561,534.6026845306491,18759.55008404306,4,0.9227212760510638,0.0,0.3236532987807047,0.2475454098601538,0.3734799961729805,True,Crítico (veto),True,True,True,0.37347999617298056,0.24883381487640088,Bajo,Bajo,1
6090108760,1.3736497373426195,-0.0094052981065519,30.78370783959485,184.89667103675984,17236.265399051445,4,0.6501876628817607,0.343195143972809,0.5788560492265196,0.3742681419470067,0.486626749507024,False,Medio,False,False,False,0.48662674950702395,0.3980122927314084,Medio,Bajo,0
6090108810,2.425009345561534,-0.1116959878385649,130.4388943479289,211.1827907970959,36346.71608222628,4,0.882243385245761,0.7167998553010441,0.4060144826865088,0.3584299641572444,0.5908719218476396,False,Medio,False,False,False,0.5908719218476396,0.4901349314891018,Medio,Medio,1
6090109750,2.8558807558892454,,0.0,0.0,715.6584875949649,3,0.9773451711503736,,1.0,1.0,0.992448390383458,False,Seguro,False,False,False,0.9924483903834579,0.8733564557518694,Seguro,Seguro,1
6090110380,2.884081107857562,-0.0193423437147782,30.5082960015989,8.275855468749995,26482.103955213865,4,0.9835695429026924,0.3794890341170946,0.5799156744723181,0.7332605777148052,0.6690587073017277,False,Alto,False,False,False,0.6690587073017276,0.6644953812673918,Alto,Alto,1
6090110460,2.859219843540614,0.0422230081376093,442.9727036846809,1313.9939900979075,26754.025342348294,4,0.9780821734005246,0.1546288286879196,0.2578120795137327,0.1399839694961315,0.3826267627745771,True,Crítico (veto),True,True,True,0.3826267627745771,0.21915835636000763,Bajo,Bajo,1
6090111270,1.0535416402210172,-0.1449654820158282,77.08812086143355,33.884675165153915,17204.396665205863,4,0.5795335164494471,0.8383127691419492,0.4694126662235465,0.5746319385903627,0.6154727226013263,False,Alto,False,False,False,0.6154727226013263,0.6339161734892589,Alto,Alto,1
6090111410,0.4146279766173461,-0.0937341400864358,252.5028969669363,0.7943201565132889,63450.14863090327,4,0.4385127176887358,0.6511963193200394,0.3260419424063903,0.929989306829884,0.5864350715612624,False,Medio,False,False,False,0.5864350715612624,0.7990866210446552,Medio,Alto,0
6090111660,2.3833074553947404,-0.1346558568924185,12.28102160034178,3.851158454422296,1654.1747197718037,4,0.8730389587384565,0.800658076146675,0.685101378995989,0.8108840952217676,0.792420627275722,False,Alto,False,False,False,0.792420627275722,0.809005921559802,Alto,Seguro,0
6090111750,-0.1980572455686604,-0.1212772195201871,177.17393533215153,107.41445041111356,77161.00589433344,4,0.3032810512782476,0.7517941769344149,0.3689744841743301,0.4388424591042243,0.4657230428728042,False,Medio,False,False,False,0.46572304287280425,0.49925111760024615,Medio,Medio,1
6090112830,2.910671020691709,-0.0026956451269624,317.5879273312363,1238.6689567488318,13439.03848819422,4,0.9894384590966262,0.3186889257517811,0.298218157973233,0.147047921190402,0.4383483660030105,True,Crítico (veto),True,True,True,0.4383483660030105,0.2652440364418998,Medio,Bajo,0
6090112900,2.8930841284011017,-0.0050927069912089,727.4965523594316,4231.412068888192,51394.59954258258,4,0.9855566864255716,0.3274439122336784,0.1975167306692458,0.0,0.377629332332124,True,Crítico (veto),True,True,True,0.3776293323321239,0.16922970210800423,Bajo,Critico,0
6090113430,2.5695575163272903,-0.0248964327759023,22.36561833086801,9.186430645153566,10843.53141231199,4,0.9141480065772456,0.3997746910601544,0.6163185378941016,0.7220467149434846,0.6630719876187465,False,Alto,False,False,False,0.6630719876187465,0.6576264567200168,Alto,Alto,1
6090113480,2.5688707189613216,-0.1173706071982791,19.18393881879021,19.61282431980504,12532.44327508608,4,0.9139964169045668,0.7375257349811783,0.6341408060961496,0.6376380437775517,0.7308252504398617,False,Alto,False,False,False,0.7308252504398617,0.6848014580941546,Alto,Alto,1
6090114410,2.9585214998492173,,2.004544404823452,0.0,2658.099190555632,3,1.0,,0.8660544749345853,1.0,0.9553514916448616,False,Seguro,False,False,False,0.9553514916448617,0.8702494579859704,Seguro,Seguro,1
6090114630,-0.5382190609731413,,0.4991518708113128,0.0,205.6913720129604,3,0.2282006552108534,,0.9507015717013864,1.0,0.72630074230408,False,Alto,False,False,True,0.72630074230408,0.8078093831456845,Alto,Seguro,0
6090117510,2.412185753398388,-0.0420324542914312,3.471543424622779,59.01079937255861,1697.103846073972,4,0.8794129665008737,0.4623619938576639,0.8176438624048199,0.5096687467083698,0.6672718923679318,False,Alto,False,False,False,0.6672718923679318,0.5414074326037035,Alto,Medio,0
6090118350,2.935547154357763,-0.0128906372841794,2.088612591409122,0.0,1840.932533443256,4,0.9949291105562909,0.3559249353228324,0.8626945260611012,1.0,0.8033871429850561,False,Seguro,False,False,False,0.8033871429850561,0.8409602835891071,Seguro,Seguro,1
6090118450,2.935547154357763,-0.0109911153230182,0.0,0.0,170.90976477809625,4,0.9949291105562909,0.3489871548090778,1.0,1.0,0.8359790663413422,False,Seguro,False,False,False,0.8359790663413422,0.8444668132081121,Seguro,Seguro,1
6090119240,2.935547154357763,-0.011640532236873,3.183915342538872,17.762508477472064,593.3313753290407,4,0.9949291105562909,0.3513590736930744,0.8257388638412564,0.6489011376267065,0.705232046429332,False,Alto,False,False,False,0.705232046429332,0.6140778469467842,Alto,Alto,1
6091001330,-1.5721127698360704,-0.0518876899964974,9.52078195800781,0.0,12921.2670851701,4,0.0,0.4983570829543274,0.7134682236429648,1.0,0.552956326649323,True,Crítico (veto),True,True,True,0.552956326649323,0.7846949823160614,Medio,Alto,0
